Email,Business,Subject,Body
info@legbishopltd.co.uk,L E G Bishop & Sons Ltd,Quick idea for L E G Bishop & Sons Ltd,"Hi,

I found L E G Bishop & Sons Ltd while looking at builders in Bristol. You've got a website, but almost no Google reviews showing — often the one thing stopping a business outranking bigger competitors.

I run Voltara Digital — we help Bristol builders get found online and turn more of those Google searches into booked jobs: a clean website, a stronger Google profile, and a bit of AI automation to chase reviews and answer enquiries automatically.

Worth a quick 10-minute call to show you exactly what I'd change? I'll put together a free audit either way.

Cheers,
Billy
Voltara Digital

P.S. If this isn't relevant just reply ""no thanks"" and I won't follow up."
info@stoneviewdriveways.co.uk,Stone View Home Improvements,Quick idea for Stone View Home Improvements,"Hi,

I found Stone View Home Improvements while looking at driveway & paving companys in Bristol. You've got a website, but almost no Google reviews showing — often the one thing stopping a business outranking bigger competitors.

I run Voltara Digital — we help Bristol driveway & paving companys get found online and turn more of those Google searches into booked jobs: a clean website, a stronger Google profile, and a bit of AI automation to chase reviews and answer enquiries automatically.

Worth a quick 10-minute call to show you exactly what I'd change? I'll put together a free audit either way.

Cheers,
Billy
Voltara Digital

P.S. If this isn't relevant just reply ""no thanks"" and I won't follow up."
countrylanelands@btinternet.com,Country Lane Landscapes Ltd,Quick idea for Country Lane Landscapes Ltd,"Hi,

I found Country Lane Landscapes Ltd while looking at landscapers in Birmingham. You've got a website, but almost no Google reviews showing — often the one thing stopping a business outranking bigger competitors.

I run Voltara Digital — we help Birmingham landscapers get found online and turn more of those Google searches into booked jobs: a clean website, a stronger Google profile, and a bit of AI automation to chase reviews and answer enquiries automatically.

Worth a quick 10-minute call to show you exactly what I'd change? I'll put together a free audit either way.

Cheers,
Billy
Voltara Digital

P.S. If this isn't relevant just reply ""no thanks"" and I won't follow up."
jaywayfitness@gmail.com,JAYWAY FITNESS,Quick idea for JAYWAY FITNESS,"Hi,

I came across JAYWAY FITNESS while looking at personal training businesss in Birmingham and noticed you don't have a website yet and very little showing on Google — which usually means ready-to-buy customers are finding competitors first.

I run Voltara Digital — we help Birmingham personal training businesss get found online and turn more of those Google searches into booked jobs: a clean website, a stronger Google profile, and a bit of AI automation to chase reviews and answer enquiries automatically.

Worth a quick 10-minute call to show you exactly what I'd change? I'll put together a free audit either way.

Cheers,
Billy
Voltara Digital

P.S. If this isn't relevant just reply ""no thanks"" and I won't follow up."
westway@highperformancevision.co.uk,BROCK,Quick idea for BROCK,"Hi,

I found BROCK while looking at opticians in Bristol. You're set up online, but only a handful of Google reviews showing — usually the main thing holding back where you rank in local search.

I run Voltara Digital — we help Bristol opticians get found online and turn more of those Google searches into booked jobs: a clean website, a stronger Google profile, and a bit of AI automation to chase reviews and answer enquiries automatically.

Worth a quick 10-minute call to show you exactly what I'd change? I'll put together a free audit either way.

Cheers,
Billy
Voltara Digital

P.S. If this isn't relevant just reply ""no thanks"" and I won't follow up."
info@roof-shield.co.uk,Roof Shield,Quick idea for Roof Shield,"Hi,

I found Roof Shield while looking at roofers in Bristol. You're set up online, but only a handful of Google reviews showing — usually the main thing holding back where you rank in local search.

I run Voltara Digital — we help Bristol roofers get found online and turn more of those Google searches into booked jobs: a clean website, a stronger Google profile, and a bit of AI automation to chase reviews and answer enquiries automatically.

Worth a quick 10-minute call to show you exactly what I'd change? I'll put together a free audit either way.

Cheers,
Billy
Voltara Digital

P.S. If this isn't relevant just reply ""no thanks"" and I won't follow up."
admin@fuseland.net,Fuseland Electrical Services Ltd,Quick idea for Fuseland Electrical Services Ltd,"Hi,

I found Fuseland Electrical Services Ltd while looking at electricians in Bristol. You're set up online, but only a handful of Google reviews showing — usually the main thing holding back where you rank in local search.

I run Voltara Digital — we help Bristol electricians get found online and turn more of those Google searches into booked jobs: a clean website, a stronger Google profile, and a bit of AI automation to chase reviews and answer enquiries automatically.

Worth a quick 10-minute call to show you exactly what I'd change? I'll put together a free audit either way.

Cheers,
Billy
Voltara Digital

P.S. If this isn't relevant just reply ""no thanks"" and I won't follow up."
attewell-smith@hotmail.com,Attewell-Smith Builders,Quick idea for Attewell-Smith Builders,"Hi,

I found Attewell-Smith Builders while looking at builders in Bristol. You're set up online, but only a handful of Google reviews showing — usually the main thing holding back where you rank in local search.

I run Voltara Digital — we help Bristol builders get found online and turn more of those Google searches into booked jobs: a clean website, a stronger Google profile, and a bit of AI automation to chase reviews and answer enquiries automatically.

Worth a quick 10-minute call to show you exactly what I'd change? I'll put together a free audit either way.

Cheers,
Billy
Voltara Digital

P.S. If this isn't relevant just reply ""no thanks"" and I won't follow up."
aeroaccountancy@gmail.com,Aero Accountancy Services,Quick idea for Aero Accountancy Services,"Hi,

I came across Aero Accountancy Services while looking at accountants in Bristol — you've clearly got happy customers, but with no website and only a handful of Google reviews you're probably invisible to a lot of people searching right now.

I run Voltara Digital — we help Bristol accountants get found online and turn more of those Google searches into booked jobs: a clean website, a stronger Google profile, and a bit of AI automation to chase reviews and answer enquiries automatically.

Worth a quick 10-minute call to show you exactly what I'd change? I'll put together a free audit either way.

Cheers,
Billy
Voltara Digital

P.S. If this isn't relevant just reply ""no thanks"" and I won't follow up."
liamcrawfordpt@gmail.com,Liam Crawford Fitness,Quick idea for Liam Crawford Fitness,"Hi,

I came across Liam Crawford Fitness while looking at personal training businesss in Bristol — you've clearly got happy customers, but with no website and only a handful of Google reviews you're probably invisible to a lot of people searching right now.

I run Voltara Digital — we help Bristol personal training businesss get found online and turn more of those Google searches into booked jobs: a clean website, a stronger Google profile, and a bit of AI automation to chase reviews and answer enquiries automatically.

Worth a quick 10-minute call to show you exactly what I'd change? I'll put together a free audit either way.

Cheers,
Billy
Voltara Digital

P.S. If this isn't relevant just reply ""no thanks"" and I won't follow up."
sales@parkfieldbs.co.uk,Parkfield Building Services Ltd,Quick idea for Parkfield Building Services Ltd,"Hi,

I found Parkfield Building Services Ltd while looking at builders in Birmingham. You're set up online, but only a handful of Google reviews showing — usually the main thing holding back where you rank in local search.

I run Voltara Digital — we help Birmingham builders get found online and turn more of those Google searches into booked jobs: a clean website, a stronger Google profile, and a bit of AI automation to chase reviews and answer enquiries automatically.

Worth a quick 10-minute call to show you exactly what I'd change? I'll put together a free audit either way.

Cheers,
Billy
Voltara Digital

P.S. If this isn't relevant just reply ""no thanks"" and I won't follow up."
zafiro@hotmail.co.uk,Gaynor Steele Garden Design,Quick idea for Gaynor Steele Garden Design,"Hi,

I found Gaynor Steele Garden Design while looking at landscapers in Birmingham. You're set up online, but only a handful of Google reviews showing — usually the main thing holding back where you rank in local search.

I run Voltara Digital — we help Birmingham landscapers get found online and turn more of those Google searches into booked jobs: a clean website, a stronger Google profile, and a bit of AI automation to chase reviews and answer enquiries automatically.

Worth a quick 10-minute call to show you exactly what I'd change? I'll put together a free audit either way.

Cheers,
Billy
Voltara Digital

P.S. If this isn't relevant just reply ""no thanks"" and I won't follow up."
info@bathroomenvy.co.uk,Bathroom Envy,Quick idea for Bathroom Envy,"Hi,

I found Bathroom Envy while looking at bathroom-fitting businesss in Birmingham. You're set up online, but only a handful of Google reviews showing — usually the main thing holding back where you rank in local search.

I run Voltara Digital — we help Birmingham bathroom-fitting businesss get found online and turn more of those Google searches into booked jobs: a clean website, a stronger Google profile, and a bit of AI automation to chase reviews and answer enquiries automatically.

Worth a quick 10-minute call to show you exactly what I'd change? I'll put together a free audit either way.

Cheers,
Billy
Voltara Digital

P.S. If this isn't relevant just reply ""no thanks"" and I won't follow up."
hiltonkitchens@outlook.com,Hilton Kitchens & Bedrooms Ltd,Quick idea for Hilton Kitchens & Bedrooms Ltd,"Hi,

I found Hilton Kitchens & Bedrooms Ltd while looking at kitchen-fitting businesss in Birmingham. You're set up online, but only a handful of Google reviews showing — usually the main thing holding back where you rank in local search.

I run Voltara Digital — we help Birmingham kitchen-fitting businesss get found online and turn more of those Google searches into booked jobs: a clean website, a stronger Google profile, and a bit of AI automation to chase reviews and answer enquiries automatically.

Worth a quick 10-minute call to show you exactly what I'd change? I'll put together a free audit either way.

Cheers,
Billy
Voltara Digital

P.S. If this isn't relevant just reply ""no thanks"" and I won't follow up."
info@excelkitchensandbedrooms.co.uk,Excel Kitchens & Bedrooms Ltd,Quick idea for Excel Kitchens & Bedrooms Ltd,"Hi,

I found Excel Kitchens & Bedrooms Ltd while looking at kitchen-fitting businesss in Birmingham. You're set up online, but only a handful of Google reviews showing — usually the main thing holding back where you rank in local search.

I run Voltara Digital — we help Birmingham kitchen-fitting businesss get found online and turn more of those Google searches into booked jobs: a clean website, a stronger Google profile, and a bit of AI automation to chase reviews and answer enquiries automatically.

Worth a quick 10-minute call to show you exactly what I'd change? I'll put together a free audit either way.

Cheers,
Billy
Voltara Digital

P.S. If this isn't relevant just reply ""no thanks"" and I won't follow up."
enquiries@dkroofingsolutions.co.uk,DKRoofingSolutionsUK,Quick idea for DKRoofingSolutionsUK,"Hi,

I found DKRoofingSolutionsUK while looking at roofers in Birmingham. You're set up online, but only a handful of Google reviews showing — usually the main thing holding back where you rank in local search.

I run Voltara Digital — we help Birmingham roofers get found online and turn more of those Google searches into booked jobs: a clean website, a stronger Google profile, and a bit of AI automation to chase reviews and answer enquiries automatically.

Worth a quick 10-minute call to show you exactly what I'd change? I'll put together a free audit either way.

Cheers,
Billy
Voltara Digital

P.S. If this isn't relevant just reply ""no thanks"" and I won't follow up."
oaktreeestates@hotmail.co.uk,Oak Tree Estates,Quick idea for Oak Tree Estates,"Hi,

I found Oak Tree Estates while looking at estate agents in Birmingham. You're set up online, but only a handful of Google reviews showing — usually the main thing holding back where you rank in local search.

I run Voltara Digital — we help Birmingham estate agents get found online and turn more of those Google searches into booked jobs: a clean website, a stronger Google profile, and a bit of AI automation to chase reviews and answer enquiries automatically.

Worth a quick 10-minute call to show you exactly what I'd change? I'll put together a free audit either way.

Cheers,
Billy
Voltara Digital

P.S. If this isn't relevant just reply ""no thanks"" and I won't follow up."
devon@mydhmcoaching.com,DHM Coaching,Quick idea for DHM Coaching,"Hi,

I found DHM Coaching while looking at personal training businesss in Birmingham. You're set up online, but only a handful of Google reviews showing — usually the main thing holding back where you rank in local search.

I run Voltara Digital — we help Birmingham personal training businesss get found online and turn more of those Google searches into booked jobs: a clean website, a stronger Google profile, and a bit of AI automation to chase reviews and answer enquiries automatically.

Worth a quick 10-minute call to show you exactly what I'd change? I'll put together a free audit either way.

Cheers,
Billy
Voltara Digital

P.S. If this isn't relevant just reply ""no thanks"" and I won't follow up."
info@awsolicitors.com,Allison Wells solicitors,Quick idea for Allison Wells solicitors,"Hi,

I came across Allison Wells solicitors while looking at solicitors in Birmingham — you've clearly got happy customers, but with no website and only a handful of Google reviews you're probably invisible to a lot of people searching right now.

I run Voltara Digital — we help Birmingham solicitors get found online and turn more of those Google searches into booked jobs: a clean website, a stronger Google profile, and a bit of AI automation to chase reviews and answer enquiries automatically.

Worth a quick 10-minute call to show you exactly what I'd change? I'll put together a free audit either way.

Cheers,
Billy
Voltara Digital

P.S. If this isn't relevant just reply ""no thanks"" and I won't follow up."
premium.health.and.fitness@gmail.com,Premium Fitness Birmingham,Quick idea for Premium Fitness Birmingham,"Hi,

I came across Premium Fitness Birmingham while looking at gyms in Birmingham — you've clearly got happy customers, but with no website and only a handful of Google reviews you're probably invisible to a lot of people searching right now.

I run Voltara Digital — we help Birmingham gyms get found online and turn more of those Google searches into booked jobs: a clean website, a stronger Google profile, and a bit of AI automation to chase reviews and answer enquiries automatically.

Worth a quick 10-minute call to show you exactly what I'd change? I'll put together a free audit either way.

Cheers,
Billy
Voltara Digital

P.S. If this isn't relevant just reply ""no thanks"" and I won't follow up."
enquiry@hanifsolicitors.co.uk,Hanif & Company Solicitors,Quick idea for Hanif & Company Solicitors,"Hi,

I found Hanif & Company Solicitors while looking at solicitors in Birmingham. You're set up online, but only a handful of Google reviews showing — usually the main thing holding back where you rank in local search.

I run Voltara Digital — we help Birmingham solicitors get found online and turn more of those Google searches into booked jobs: a clean website, a stronger Google profile, and a bit of AI automation to chase reviews and answer enquiries automatically.

Worth a quick 10-minute call to show you exactly what I'd change? I'll put together a free audit either way.

Cheers,
Billy
Voltara Digital

P.S. If this isn't relevant just reply ""no thanks"" and I won't follow up."
referrals@rowevetgroup.com,Rowe Veterinary Referrals,Quick idea for Rowe Veterinary Referrals,"Hi,

I found Rowe Veterinary Referrals while looking at vets in Bristol. You're set up online, but only a handful of Google reviews showing — usually the main thing holding back where you rank in local search.

I run Voltara Digital — we help Bristol vets get found online and turn more of those Google searches into booked jobs: a clean website, a stronger Google profile, and a bit of AI automation to chase reviews and answer enquiries automatically.

Worth a quick 10-minute call to show you exactly what I'd change? I'll put together a free audit either way.

Cheers,
Billy
Voltara Digital

P.S. If this isn't relevant just reply ""no thanks"" and I won't follow up."
blomehairdressing@hotmail.co.uk,Blow Me Hairdressing,Quick idea for Blow Me Hairdressing,"Hi,

I found Blow Me Hairdressing while looking at hair salons in Bristol. You're set up online, but only a handful of Google reviews showing — usually the main thing holding back where you rank in local search.

I run Voltara Digital — we help Bristol hair salons get found online and turn more of those Google searches into booked jobs: a clean website, a stronger Google profile, and a bit of AI automation to chase reviews and answer enquiries automatically.

Worth a quick 10-minute call to show you exactly what I'd change? I'll put together a free audit either way.

Cheers,
Billy
Voltara Digital

P.S. If this isn't relevant just reply ""no thanks"" and I won't follow up."
maginnis.opticians@gmail.com,Maginnis Opticians Marston Green,Quick idea for Maginnis Opticians Marston Green,"Hi,

I came across Maginnis Opticians Marston Green while looking at opticians in Birmingham — you've clearly got happy customers, but with no website and only a handful of Google reviews you're probably invisible to a lot of people searching right now.

I run Voltara Digital — we help Birmingham opticians get found online and turn more of those Google searches into booked jobs: a clean website, a stronger Google profile, and a bit of AI automation to chase reviews and answer enquiries automatically.

Worth a quick 10-minute call to show you exactly what I'd change? I'll put together a free audit either way.

Cheers,
Billy
Voltara Digital

P.S. If this isn't relevant just reply ""no thanks"" and I won't follow up."
hyltoncafe@hotmail.com,Hylton Cafe,Quick idea for Hylton Cafe,"Hi,

I came across Hylton Cafe while looking at cafes in Birmingham — you've clearly got happy customers, but with no website and only a handful of Google reviews you're probably invisible to a lot of people searching right now.

I run Voltara Digital — we help Birmingham cafes get found online and turn more of those Google searches into booked jobs: a clean website, a stronger Google profile, and a bit of AI automation to chase reviews and answer enquiries automatically.

Worth a quick 10-minute call to show you exactly what I'd change? I'll put together a free audit either way.

Cheers,
Billy
Voltara Digital

P.S. If this isn't relevant just reply ""no thanks"" and I won't follow up."
cafephilia.com@gmail.com,Cafephilia,Quick idea for Cafephilia,"Hi,

I came across Cafephilia while looking at cafes in Birmingham — you've clearly got happy customers, but with no website and only a handful of Google reviews you're probably invisible to a lot of people searching right now.

I run Voltara Digital — we help Birmingham cafes get found online and turn more of those Google searches into booked jobs: a clean website, a stronger Google profile, and a bit of AI automation to chase reviews and answer enquiries automatically.

Worth a quick 10-minute call to show you exactly what I'd change? I'll put together a free audit either way.

Cheers,
Billy
Voltara Digital

P.S. If this isn't relevant just reply ""no thanks"" and I won't follow up."
brm@langfordvets.co.uk,Langford Vets Small Animal Referral Hospital,Quick idea for Langford Vets Small Animal Referral Hospital,"Hi,

I found Langford Vets Small Animal Referral Hospital while looking at vets in Bristol. You're set up online, but only a handful of Google reviews showing — usually the main thing holding back where you rank in local search.

I run Voltara Digital — we help Bristol vets get found online and turn more of those Google searches into booked jobs: a clean website, a stronger Google profile, and a bit of AI automation to chase reviews and answer enquiries automatically.

Worth a quick 10-minute call to show you exactly what I'd change? I'll put together a free audit either way.

Cheers,
Billy
Voltara Digital

P.S. If this isn't relevant just reply ""no thanks"" and I won't follow up."
info@smbuild.co.uk,SM Build,Quick idea for SM Build,"Hi,

I found SM Build while looking at builders in Bristol. You've got a website, but almost no Google reviews showing — often the one thing stopping a business outranking bigger competitors.

I run Voltara Digital — we help Bristol builders get found online and turn more of those Google searches into booked jobs: a clean website, a stronger Google profile, and a bit of AI automation to chase reviews and answer enquiries automatically.

Worth a quick 10-minute call to show you exactly what I'd change? I'll put together a free audit either way.

Cheers,
Billy
Voltara Digital

P.S. If this isn't relevant just reply ""no thanks"" and I won't follow up."
bristolroofs@outlook.com,Bristol roofs,Quick idea for Bristol roofs,"Hi,

I found Bristol roofs while looking at roofers in Bristol. You've got a website, but almost no Google reviews showing — often the one thing stopping a business outranking bigger competitors.

I run Voltara Digital — we help Bristol roofers get found online and turn more of those Google searches into booked jobs: a clean website, a stronger Google profile, and a bit of AI automation to chase reviews and answer enquiries automatically.

Worth a quick 10-minute call to show you exactly what I'd change? I'll put together a free audit either way.

Cheers,
Billy
Voltara Digital

P.S. If this isn't relevant just reply ""no thanks"" and I won't follow up."
support@hvacexperts.com,BRISTOL & DISTRICT ROOFING LTD,Quick idea for BRISTOL & DISTRICT ROOFING LTD,"Hi,

I found BRISTOL & DISTRICT ROOFING LTD while looking at roofers in Bristol. You've got a website, but almost no Google reviews showing — often the one thing stopping a business outranking bigger competitors.

I run Voltara Digital — we help Bristol roofers get found online and turn more of those Google searches into booked jobs: a clean website, a stronger Google profile, and a bit of AI automation to chase reviews and answer enquiries automatically.

Worth a quick 10-minute call to show you exactly what I'd change? I'll put together a free audit either way.

Cheers,
Billy
Voltara Digital

P.S. If this isn't relevant just reply ""no thanks"" and I won't follow up."
info@plumbersinbristol.co.uk,Flow Sure Plumbers,Quick idea for Flow Sure Plumbers,"Hi,

I found Flow Sure Plumbers while looking at plumbers in Bristol. You've got a website, but almost no Google reviews showing — often the one thing stopping a business outranking bigger competitors.

I run Voltara Digital — we help Bristol plumbers get found online and turn more of those Google searches into booked jobs: a clean website, a stronger Google profile, and a bit of AI automation to chase reviews and answer enquiries automatically.

Worth a quick 10-minute call to show you exactly what I'd change? I'll put together a free audit either way.

Cheers,
Billy
Voltara Digital

P.S. If this isn't relevant just reply ""no thanks"" and I won't follow up."
tradepricebristol@gmail.com,South West Driveways & Roofing,Quick idea for South West Driveways & Roofing,"Hi,

I found South West Driveways & Roofing while looking at driveway & paving companys in Bristol. You've got a website, but almost no Google reviews showing — often the one thing stopping a business outranking bigger competitors.

I run Voltara Digital — we help Bristol driveway & paving companys get found online and turn more of those Google searches into booked jobs: a clean website, a stronger Google profile, and a bit of AI automation to chase reviews and answer enquiries automatically.

Worth a quick 10-minute call to show you exactly what I'd change? I'll put together a free audit either way.

Cheers,
Billy
Voltara Digital

P.S. If this isn't relevant just reply ""no thanks"" and I won't follow up."
gloucestershire@drivewayandpatiospecialists.co.uk,Driveway and Patio Specialists,Quick idea for Driveway and Patio Specialists,"Hi,

I found Driveway and Patio Specialists while looking at driveway & paving companys in Bristol. You've got a website, but almost no Google reviews showing — often the one thing stopping a business outranking bigger competitors.

I run Voltara Digital — we help Bristol driveway & paving companys get found online and turn more of those Google searches into booked jobs: a clean website, a stronger Google profile, and a bit of AI automation to chase reviews and answer enquiries automatically.

Worth a quick 10-minute call to show you exactly what I'd change? I'll put together a free audit either way.

Cheers,
Billy
Voltara Digital

P.S. If this isn't relevant just reply ""no thanks"" and I won't follow up."
hello@apexsupplements.co.uk,ProBody Fitness,Quick idea for ProBody Fitness,"Hi,

I found ProBody Fitness while looking at personal training businesss in Bristol. You've got a website, but almost no Google reviews showing — often the one thing stopping a business outranking bigger competitors.

I run Voltara Digital — we help Bristol personal training businesss get found online and turn more of those Google searches into booked jobs: a clean website, a stronger Google profile, and a bit of AI automation to chase reviews and answer enquiries automatically.

Worth a quick 10-minute call to show you exactly what I'd change? I'll put together a free audit either way.

Cheers,
Billy
Voltara Digital

P.S. If this isn't relevant just reply ""no thanks"" and I won't follow up."
contact@thebristolmortgagebroker.com,The Bristol Mortgage Broker,Quick idea for The Bristol Mortgage Broker,"Hi,

I found The Bristol Mortgage Broker while looking at mortgage brokers in Bristol. You've got a website, but almost no Google reviews showing — often the one thing stopping a business outranking bigger competitors.

I run Voltara Digital — we help Bristol mortgage brokers get found online and turn more of those Google searches into booked jobs: a clean website, a stronger Google profile, and a bit of AI automation to chase reviews and answer enquiries automatically.

Worth a quick 10-minute call to show you exactly what I'd change? I'll put together a free audit either way.

Cheers,
Billy
Voltara Digital

P.S. If this isn't relevant just reply ""no thanks"" and I won't follow up."
services@maid2clean.co.uk,Maid2clean Bristol Ltd,Quick idea for Maid2clean Bristol Ltd,"Hi,

I found Maid2clean Bristol Ltd while looking at cleaning companys in Bristol. You've got a website, but almost no Google reviews showing — often the one thing stopping a business outranking bigger competitors.

I run Voltara Digital — we help Bristol cleaning companys get found online and turn more of those Google searches into booked jobs: a clean website, a stronger Google profile, and a bit of AI automation to chase reviews and answer enquiries automatically.

Worth a quick 10-minute call to show you exactly what I'd change? I'll put together a free audit either way.

Cheers,
Billy
Voltara Digital

P.S. If this isn't relevant just reply ""no thanks"" and I won't follow up."
pureperfectionbathroomskitchen@gmail.com,Pure Perfection Bathrooms & Kitchens,Quick idea for Pure Perfection Bathrooms & Kitchens,"Hi,

I found Pure Perfection Bathrooms & Kitchens while looking at kitchen-fitting businesss in Birmingham. You've got a website, but almost no Google reviews showing — often the one thing stopping a business outranking bigger competitors.

I run Voltara Digital — we help Birmingham kitchen-fitting businesss get found online and turn more of those Google searches into booked jobs: a clean website, a stronger Google profile, and a bit of AI automation to chase reviews and answer enquiries automatically.

Worth a quick 10-minute call to show you exactly what I'd change? I'll put together a free audit either way.

Cheers,
Billy
Voltara Digital

P.S. If this isn't relevant just reply ""no thanks"" and I won't follow up."
bryan@townbuildersconstruction.com,Town Builders Construction,Quick idea for Town Builders Construction,"Hi,

I found Town Builders Construction while looking at builders in Birmingham. You've got a website, but almost no Google reviews showing — often the one thing stopping a business outranking bigger competitors.

I run Voltara Digital — we help Birmingham builders get found online and turn more of those Google searches into booked jobs: a clean website, a stronger Google profile, and a bit of AI automation to chase reviews and answer enquiries automatically.

Worth a quick 10-minute call to show you exactly what I'd change? I'll put together a free audit either way.

Cheers,
Billy
Voltara Digital

P.S. If this isn't relevant just reply ""no thanks"" and I won't follow up."
info@testeam.co.uk,West Bromwich Electricians -Technical Electrical Solutions,Quick idea for West Bromwich Electricians -Technical Electrical Solutions,"Hi,

I found West Bromwich Electricians -Technical Electrical Solutions while looking at electricians in Birmingham. You've got a website, but almost no Google reviews showing — often the one thing stopping a business outranking bigger competitors.

I run Voltara Digital — we help Birmingham electricians get found online and turn more of those Google searches into booked jobs: a clean website, a stronger Google profile, and a bit of AI automation to chase reviews and answer enquiries automatically.

Worth a quick 10-minute call to show you exactly what I'd change? I'll put together a free audit either way.

Cheers,
Billy
Voltara Digital

P.S. If this isn't relevant just reply ""no thanks"" and I won't follow up."
helloboilerserve@gmail.com,HELLO Local Plumber Birmingham - The plumbing and boiler experts,Quick idea for HELLO Local Plumber Birmingham - The plumbing and boiler experts,"Hi,

I found HELLO Local Plumber Birmingham - The plumbing and boiler experts while looking at plumbers in Birmingham. You've got a website, but almost no Google reviews showing — often the one thing stopping a business outranking bigger competitors.

I run Voltara Digital — we help Birmingham plumbers get found online and turn more of those Google searches into booked jobs: a clean website, a stronger Google profile, and a bit of AI automation to chase reviews and answer enquiries automatically.

Worth a quick 10-minute call to show you exactly what I'd change? I'll put together a free audit either way.

Cheers,
Billy
Voltara Digital

P.S. If this isn't relevant just reply ""no thanks"" and I won't follow up."
damian@needingadvice.co.uk,Mortgage brokers Birmingham,Quick idea for Mortgage brokers Birmingham,"Hi,

I found Mortgage brokers Birmingham while looking at mortgage brokers in Birmingham. You've got a website, but almost no Google reviews showing — often the one thing stopping a business outranking bigger competitors.

I run Voltara Digital — we help Birmingham mortgage brokers get found online and turn more of those Google searches into booked jobs: a clean website, a stronger Google profile, and a bit of AI automation to chase reviews and answer enquiries automatically.

Worth a quick 10-minute call to show you exactly what I'd change? I'll put together a free audit either way.

Cheers,
Billy
Voltara Digital

P.S. If this isn't relevant just reply ""no thanks"" and I won't follow up."
hello@24cleaningsltd.com,24CLEANING - Professional Office and Deep Cleaning Services,Quick idea for 24CLEANING - Professional Office and Deep Cleaning Services,"Hi,

I found 24CLEANING - Professional Office and Deep Cleaning Services while looking at cleaning companys in Birmingham. You've got a website, but almost no Google reviews showing — often the one thing stopping a business outranking bigger competitors.

I run Voltara Digital — we help Birmingham cleaning companys get found online and turn more of those Google searches into booked jobs: a clean website, a stronger Google profile, and a bit of AI automation to chase reviews and answer enquiries automatically.

Worth a quick 10-minute call to show you exactly what I'd change? I'll put together a free audit either way.

Cheers,
Billy
Voltara Digital

P.S. If this isn't relevant just reply ""no thanks"" and I won't follow up."
info@castleconstructionbristol.co.uk,Castle Construction (Bristol) Ltd,Quick idea for Castle Construction (Bristol) Ltd,"Hi,

I found Castle Construction (Bristol) Ltd while looking at builders in Bristol. You're set up online, but only a handful of Google reviews showing — usually the main thing holding back where you rank in local search.

I run Voltara Digital — we help Bristol builders get found online and turn more of those Google searches into booked jobs: a clean website, a stronger Google profile, and a bit of AI automation to chase reviews and answer enquiries automatically.

Worth a quick 10-minute call to show you exactly what I'd change? I'll put together a free audit either way.

Cheers,
Billy
Voltara Digital

P.S. If this isn't relevant just reply ""no thanks"" and I won't follow up."
info@bristolroofcompany.co.uk,Bristol Roof Company,Quick idea for Bristol Roof Company,"Hi,

I found Bristol Roof Company while looking at roofers in Bristol. You're set up online, but only a handful of Google reviews showing — usually the main thing holding back where you rank in local search.

I run Voltara Digital — we help Bristol roofers get found online and turn more of those Google searches into booked jobs: a clean website, a stronger Google profile, and a bit of AI automation to chase reviews and answer enquiries automatically.

Worth a quick 10-minute call to show you exactly what I'd change? I'll put together a free audit either way.

Cheers,
Billy
Voltara Digital

P.S. If this isn't relevant just reply ""no thanks"" and I won't follow up."
info@cabotroofing.co.uk,Cabot Roofing ltd,Quick idea for Cabot Roofing ltd,"Hi,

I found Cabot Roofing ltd while looking at roofers in Bristol. You're set up online, but only a handful of Google reviews showing — usually the main thing holding back where you rank in local search.

I run Voltara Digital — we help Bristol roofers get found online and turn more of those Google searches into booked jobs: a clean website, a stronger Google profile, and a bit of AI automation to chase reviews and answer enquiries automatically.

Worth a quick 10-minute call to show you exactly what I'd change? I'll put together a free audit either way.

Cheers,
Billy
Voltara Digital

P.S. If this isn't relevant just reply ""no thanks"" and I won't follow up."
enquiries@rockroofing.co.uk,Rock Roofing Ltd,Quick idea for Rock Roofing Ltd,"Hi,

I found Rock Roofing Ltd while looking at roofers in Bristol. You're set up online, but only a handful of Google reviews showing — usually the main thing holding back where you rank in local search.

I run Voltara Digital — we help Bristol roofers get found online and turn more of those Google searches into booked jobs: a clean website, a stronger Google profile, and a bit of AI automation to chase reviews and answer enquiries automatically.

Worth a quick 10-minute call to show you exactly what I'd change? I'll put together a free audit either way.

Cheers,
Billy
Voltara Digital

P.S. If this isn't relevant just reply ""no thanks"" and I won't follow up."
mike@mjclandscapes.com,MJC Landscapes,Quick idea for MJC Landscapes,"Hi,

I found MJC Landscapes while looking at landscapers in Bristol. You're set up online, but only a handful of Google reviews showing — usually the main thing holding back where you rank in local search.

I run Voltara Digital — we help Bristol landscapers get found online and turn more of those Google searches into booked jobs: a clean website, a stronger Google profile, and a bit of AI automation to chase reviews and answer enquiries automatically.

Worth a quick 10-minute call to show you exactly what I'd change? I'll put together a free audit either way.

Cheers,
Billy
Voltara Digital

P.S. If this isn't relevant just reply ""no thanks"" and I won't follow up."
keran@liveelectrics.com,Live Electrical Services,Quick idea for Live Electrical Services,"Hi,

I found Live Electrical Services while looking at electricians in Bristol. You're set up online, but only a handful of Google reviews showing — usually the main thing holding back where you rank in local search.

I run Voltara Digital — we help Bristol electricians get found online and turn more of those Google searches into booked jobs: a clean website, a stronger Google profile, and a bit of AI automation to chase reviews and answer enquiries automatically.

Worth a quick 10-minute call to show you exactly what I'd change? I'll put together a free audit either way.

Cheers,
Billy
Voltara Digital

P.S. If this isn't relevant just reply ""no thanks"" and I won't follow up."
resindrivewaysbristol@gmail.com,Resin Driveways Bristol,Quick idea for Resin Driveways Bristol,"Hi,

I found Resin Driveways Bristol while looking at driveway & paving companys in Bristol. You're set up online, but only a handful of Google reviews showing — usually the main thing holding back where you rank in local search.

I run Voltara Digital — we help Bristol driveway & paving companys get found online and turn more of those Google searches into booked jobs: a clean website, a stronger Google profile, and a bit of AI automation to chase reviews and answer enquiries automatically.

Worth a quick 10-minute call to show you exactly what I'd change? I'll put together a free audit either way.

Cheers,
Billy
Voltara Digital

P.S. If this isn't relevant just reply ""no thanks"" and I won't follow up."
hello@tradeaccounting.co.uk,Trade Accounting,Quick idea for Trade Accounting,"Hi,

I found Trade Accounting while looking at accountants in Bristol. You're set up online, but only a handful of Google reviews showing — usually the main thing holding back where you rank in local search.

I run Voltara Digital — we help Bristol accountants get found online and turn more of those Google searches into booked jobs: a clean website, a stronger Google profile, and a bit of AI automation to chase reviews and answer enquiries automatically.

Worth a quick 10-minute call to show you exactly what I'd change? I'll put together a free audit either way.

Cheers,
Billy
Voltara Digital

P.S. If this isn't relevant just reply ""no thanks"" and I won't follow up."
covid19support@jarmanaccountancy.com,Jarman Accountancy,Quick idea for Jarman Accountancy,"Hi,

I found Jarman Accountancy while looking at accountants in Bristol. You're set up online, but only a handful of Google reviews showing — usually the main thing holding back where you rank in local search.

I run Voltara Digital — we help Bristol accountants get found online and turn more of those Google searches into booked jobs: a clean website, a stronger Google profile, and a bit of AI automation to chase reviews and answer enquiries automatically.

Worth a quick 10-minute call to show you exactly what I'd change? I'll put together a free audit either way.

Cheers,
Billy
Voltara Digital

P.S. If this isn't relevant just reply ""no thanks"" and I won't follow up."
darren@westexe-mortgages.co.uk,Westexe Mortgage Solutions Ltd,Quick idea for Westexe Mortgage Solutions Ltd,"Hi,

I found Westexe Mortgage Solutions Ltd while looking at mortgage brokers in Bristol. You're set up online, but only a handful of Google reviews showing — usually the main thing holding back where you rank in local search.

I run Voltara Digital — we help Bristol mortgage brokers get found online and turn more of those Google searches into booked jobs: a clean website, a stronger Google profile, and a bit of AI automation to chase reviews and answer enquiries automatically.

Worth a quick 10-minute call to show you exactly what I'd change? I'll put together a free audit either way.

Cheers,
Billy
Voltara Digital

P.S. If this isn't relevant just reply ""no thanks"" and I won't follow up."
info@mortgage-maze.co.uk,The Mortgage Maze Ltd,Quick idea for The Mortgage Maze Ltd,"Hi,

I found The Mortgage Maze Ltd while looking at mortgage brokers in Bristol. You're set up online, but only a handful of Google reviews showing — usually the main thing holding back where you rank in local search.

I run Voltara Digital — we help Bristol mortgage brokers get found online and turn more of those Google searches into booked jobs: a clean website, a stronger Google profile, and a bit of AI automation to chase reviews and answer enquiries automatically.

Worth a quick 10-minute call to show you exactly what I'd change? I'll put together a free audit either way.

Cheers,
Billy
Voltara Digital

P.S. If this isn't relevant just reply ""no thanks"" and I won't follow up."
info@thecfg.co.uk,The Bristol Commercial Cleaning Company,Quick idea for The Bristol Commercial Cleaning Company,"Hi,

I found The Bristol Commercial Cleaning Company while looking at cleaning companys in Bristol. You're set up online, but only a handful of Google reviews showing — usually the main thing holding back where you rank in local search.

I run Voltara Digital — we help Bristol cleaning companys get found online and turn more of those Google searches into booked jobs: a clean website, a stronger Google profile, and a bit of AI automation to chase reviews and answer enquiries automatically.

Worth a quick 10-minute call to show you exactly what I'd change? I'll put together a free audit either way.

Cheers,
Billy
Voltara Digital

P.S. If this isn't relevant just reply ""no thanks"" and I won't follow up."
info@greggroofing.co.uk,Gregg Roofing Services Ltd,Quick idea for Gregg Roofing Services Ltd,"Hi,

I found Gregg Roofing Services Ltd while looking at roofers in Birmingham. You're set up online, but only a handful of Google reviews showing — usually the main thing holding back where you rank in local search.

I run Voltara Digital — we help Birmingham roofers get found online and turn more of those Google searches into booked jobs: a clean website, a stronger Google profile, and a bit of AI automation to chase reviews and answer enquiries automatically.

Worth a quick 10-minute call to show you exactly what I'd change? I'll put together a free audit either way.

Cheers,
Billy
Voltara Digital

P.S. If this isn't relevant just reply ""no thanks"" and I won't follow up."
info@rooferkingstanding.co.uk,Kingstanding Roofing,Quick idea for Kingstanding Roofing,"Hi,

I found Kingstanding Roofing while looking at roofers in Birmingham. You're set up online, but only a handful of Google reviews showing — usually the main thing holding back where you rank in local search.

I run Voltara Digital — we help Birmingham roofers get found online and turn more of those Google searches into booked jobs: a clean website, a stronger Google profile, and a bit of AI automation to chase reviews and answer enquiries automatically.

Worth a quick 10-minute call to show you exactly what I'd change? I'll put together a free audit either way.

Cheers,
Billy
Voltara Digital

P.S. If this isn't relevant just reply ""no thanks"" and I won't follow up."
alex@lillysgardening.com,Lilly’s Landscapes & Gardens,Quick idea for Lilly’s Landscapes & Gardens,"Hi,

I found Lilly’s Landscapes & Gardens while looking at landscapers in Birmingham. You're set up online, but only a handful of Google reviews showing — usually the main thing holding back where you rank in local search.

I run Voltara Digital — we help Birmingham landscapers get found online and turn more of those Google searches into booked jobs: a clean website, a stronger Google profile, and a bit of AI automation to chase reviews and answer enquiries automatically.

Worth a quick 10-minute call to show you exactly what I'd change? I'll put together a free audit either way.

Cheers,
Billy
Voltara Digital

P.S. If this isn't relevant just reply ""no thanks"" and I won't follow up."
evanslandscapes@hotmail.co.uk,Evans Landscapes,Quick idea for Evans Landscapes,"Hi,

I found Evans Landscapes while looking at landscapers in Birmingham. You're set up online, but only a handful of Google reviews showing — usually the main thing holding back where you rank in local search.

I run Voltara Digital — we help Birmingham landscapers get found online and turn more of those Google searches into booked jobs: a clean website, a stronger Google profile, and a bit of AI automation to chase reviews and answer enquiries automatically.

Worth a quick 10-minute call to show you exactly what I'd change? I'll put together a free audit either way.

Cheers,
Billy
Voltara Digital

P.S. If this isn't relevant just reply ""no thanks"" and I won't follow up."
hello@utopialandscapes.co.uk,Utopia Landscaping,Quick idea for Utopia Landscaping,"Hi,

I found Utopia Landscaping while looking at landscapers in Birmingham. You're set up online, but only a handful of Google reviews showing — usually the main thing holding back where you rank in local search.

I run Voltara Digital — we help Birmingham landscapers get found online and turn more of those Google searches into booked jobs: a clean website, a stronger Google profile, and a bit of AI automation to chase reviews and answer enquiries automatically.

Worth a quick 10-minute call to show you exactly what I'd change? I'll put together a free audit either way.

Cheers,
Billy
Voltara Digital

P.S. If this isn't relevant just reply ""no thanks"" and I won't follow up."
info@yeselectrical.co.uk,YES Electrical,Quick idea for YES Electrical,"Hi,

I found YES Electrical while looking at electricians in Birmingham. You're set up online, but only a handful of Google reviews showing — usually the main thing holding back where you rank in local search.

I run Voltara Digital — we help Birmingham electricians get found online and turn more of those Google searches into booked jobs: a clean website, a stronger Google profile, and a bit of AI automation to chase reviews and answer enquiries automatically.

Worth a quick 10-minute call to show you exactly what I'd change? I'll put together a free audit either way.

Cheers,
Billy
Voltara Digital

P.S. If this isn't relevant just reply ""no thanks"" and I won't follow up."
info@driveways-birmingham.com,Paving and Driveways Birmingham,Quick idea for Paving and Driveways Birmingham,"Hi,

I found Paving and Driveways Birmingham while looking at driveway & paving companys in Birmingham. You're set up online, but only a handful of Google reviews showing — usually the main thing holding back where you rank in local search.

I run Voltara Digital — we help Birmingham driveway & paving companys get found online and turn more of those Google searches into booked jobs: a clean website, a stronger Google profile, and a bit of AI automation to chase reviews and answer enquiries automatically.

Worth a quick 10-minute call to show you exactly what I'd change? I'll put together a free audit either way.

Cheers,
Billy
Voltara Digital

P.S. If this isn't relevant just reply ""no thanks"" and I won't follow up."
mapdetailscom@gmail.com,driveway paving birmingham,Quick idea for driveway paving birmingham,"Hi,

I found driveway paving birmingham while looking at driveway & paving companys in Birmingham. You're set up online, but only a handful of Google reviews showing — usually the main thing holding back where you rank in local search.

I run Voltara Digital — we help Birmingham driveway & paving companys get found online and turn more of those Google searches into booked jobs: a clean website, a stronger Google profile, and a bit of AI automation to chase reviews and answer enquiries automatically.

Worth a quick 10-minute call to show you exactly what I'd change? I'll put together a free audit either way.

Cheers,
Billy
Voltara Digital

P.S. If this isn't relevant just reply ""no thanks"" and I won't follow up."
elliott.edward@gmail.com,FARE Outdoor Construction,Quick idea for FARE Outdoor Construction,"Hi,

I found FARE Outdoor Construction while looking at driveway & paving companys in Birmingham. You're set up online, but only a handful of Google reviews showing — usually the main thing holding back where you rank in local search.

I run Voltara Digital — we help Birmingham driveway & paving companys get found online and turn more of those Google searches into booked jobs: a clean website, a stronger Google profile, and a bit of AI automation to chase reviews and answer enquiries automatically.

Worth a quick 10-minute call to show you exactly what I'd change? I'll put together a free audit either way.

Cheers,
Billy
Voltara Digital

P.S. If this isn't relevant just reply ""no thanks"" and I won't follow up."
uniquedrivesandpatiosltd@hotmail.com,Unique Drives & Patios,Quick idea for Unique Drives & Patios,"Hi,

I found Unique Drives & Patios while looking at driveway & paving companys in Birmingham. You're set up online, but only a handful of Google reviews showing — usually the main thing holding back where you rank in local search.

I run Voltara Digital — we help Birmingham driveway & paving companys get found online and turn more of those Google searches into booked jobs: a clean website, a stronger Google profile, and a bit of AI automation to chase reviews and answer enquiries automatically.

Worth a quick 10-minute call to show you exactly what I'd change? I'll put together a free audit either way.

Cheers,
Billy
Voltara Digital

P.S. If this isn't relevant just reply ""no thanks"" and I won't follow up."
info@contabilbirmingham.co.uk,Contabil Roman Birmingham,Quick idea for Contabil Roman Birmingham,"Hi,

I found Contabil Roman Birmingham while looking at accountants in Birmingham. You're set up online, but only a handful of Google reviews showing — usually the main thing holding back where you rank in local search.

I run Voltara Digital — we help Birmingham accountants get found online and turn more of those Google searches into booked jobs: a clean website, a stronger Google profile, and a bit of AI automation to chase reviews and answer enquiries automatically.

Worth a quick 10-minute call to show you exactly what I'd change? I'll put together a free audit either way.

Cheers,
Billy
Voltara Digital

P.S. If this isn't relevant just reply ""no thanks"" and I won't follow up."
birmingham@uhy-uk.com,UHY Hacker Young (Birmingham),Quick idea for UHY Hacker Young (Birmingham),"Hi,

I found UHY Hacker Young (Birmingham) while looking at accountants in Birmingham. You're set up online, but only a handful of Google reviews showing — usually the main thing holding back where you rank in local search.

I run Voltara Digital — we help Birmingham accountants get found online and turn more of those Google searches into booked jobs: a clean website, a stronger Google profile, and a bit of AI automation to chase reviews and answer enquiries automatically.

Worth a quick 10-minute call to show you exactly what I'd change? I'll put together a free audit either way.

Cheers,
Billy
Voltara Digital

P.S. If this isn't relevant just reply ""no thanks"" and I won't follow up."
callie@myahm.net,"Elite Mortgage Partners - Birmingham, AL","Quick idea for Elite Mortgage Partners - Birmingham, AL","Hi,

I found Elite Mortgage Partners - Birmingham, AL while looking at mortgage brokers in Birmingham. You're set up online, but only a handful of Google reviews showing — usually the main thing holding back where you rank in local search.

I run Voltara Digital — we help Birmingham mortgage brokers get found online and turn more of those Google searches into booked jobs: a clean website, a stronger Google profile, and a bit of AI automation to chase reviews and answer enquiries automatically.

Worth a quick 10-minute call to show you exactly what I'd change? I'll put together a free audit either way.

Cheers,
Billy
Voltara Digital

P.S. If this isn't relevant just reply ""no thanks"" and I won't follow up."
mapdetailscom@gmail.com,Sweet cattery,Quick idea for Sweet cattery,"Hi,

I found Sweet cattery while looking at vets in Birmingham. You're set up online, but only a handful of Google reviews showing — usually the main thing holding back where you rank in local search.

I run Voltara Digital — we help Birmingham vets get found online and turn more of those Google searches into booked jobs: a clean website, a stronger Google profile, and a bit of AI automation to chase reviews and answer enquiries automatically.

Worth a quick 10-minute call to show you exactly what I'd change? I'll put together a free audit either way.

Cheers,
Billy
Voltara Digital

P.S. If this isn't relevant just reply ""no thanks"" and I won't follow up."
info@cleaningnationwide.co.uk,Cleaning Nationwide Ltd,Quick idea for Cleaning Nationwide Ltd,"Hi,

I found Cleaning Nationwide Ltd while looking at cleaning companys in Birmingham. You're set up online, but only a handful of Google reviews showing — usually the main thing holding back where you rank in local search.

I run Voltara Digital — we help Birmingham cleaning companys get found online and turn more of those Google searches into booked jobs: a clean website, a stronger Google profile, and a bit of AI automation to chase reviews and answer enquiries automatically.

Worth a quick 10-minute call to show you exactly what I'd change? I'll put together a free audit either way.

Cheers,
Billy
Voltara Digital

P.S. If this isn't relevant just reply ""no thanks"" and I won't follow up."
pgconstructionwsm@gmail.com,PG Construction,Quick idea for PG Construction,"Hi,

I found PG Construction while looking at bathroom-fitting businesss in Bristol. You're set up online, but only a handful of Google reviews showing — usually the main thing holding back where you rank in local search.

I run Voltara Digital — we help Bristol bathroom-fitting businesss get found online and turn more of those Google searches into booked jobs: a clean website, a stronger Google profile, and a bit of AI automation to chase reviews and answer enquiries automatically.

Worth a quick 10-minute call to show you exactly what I'd change? I'll put together a free audit either way.

Cheers,
Billy
Voltara Digital

P.S. If this isn't relevant just reply ""no thanks"" and I won't follow up."
info@akwbuildingservices.co.uk,A K W Building Services Ltd,Quick idea for A K W Building Services Ltd,"Hi,

I found A K W Building Services Ltd while looking at builders in Bristol. You're set up online, but only a handful of Google reviews showing — usually the main thing holding back where you rank in local search.

I run Voltara Digital — we help Bristol builders get found online and turn more of those Google searches into booked jobs: a clean website, a stronger Google profile, and a bit of AI automation to chase reviews and answer enquiries automatically.

Worth a quick 10-minute call to show you exactly what I'd change? I'll put together a free audit either way.

Cheers,
Billy
Voltara Digital

P.S. If this isn't relevant just reply ""no thanks"" and I won't follow up."
enquiries@sandpbuilders.co.uk,S&P Builders Ltd,Quick idea for S&P Builders Ltd,"Hi,

I found S&P Builders Ltd while looking at builders in Bristol. You're set up online, but only a handful of Google reviews showing — usually the main thing holding back where you rank in local search.

I run Voltara Digital — we help Bristol builders get found online and turn more of those Google searches into booked jobs: a clean website, a stronger Google profile, and a bit of AI automation to chase reviews and answer enquiries automatically.

Worth a quick 10-minute call to show you exactly what I'd change? I'll put together a free audit either way.

Cheers,
Billy
Voltara Digital

P.S. If this isn't relevant just reply ""no thanks"" and I won't follow up."
halgroupmark@gmail.com,Hal Build,Quick idea for Hal Build,"Hi,

I found Hal Build while looking at builders in Bristol. You're set up online, but only a handful of Google reviews showing — usually the main thing holding back where you rank in local search.

I run Voltara Digital — we help Bristol builders get found online and turn more of those Google searches into booked jobs: a clean website, a stronger Google profile, and a bit of AI automation to chase reviews and answer enquiries automatically.

Worth a quick 10-minute call to show you exactly what I'd change? I'll put together a free audit either way.

Cheers,
Billy
Voltara Digital

P.S. If this isn't relevant just reply ""no thanks"" and I won't follow up."
darrel24@msn.com,Frampton Roofing,Quick idea for Frampton Roofing,"Hi,

I found Frampton Roofing while looking at roofers in Bristol. You're set up online, but only a handful of Google reviews showing — usually the main thing holding back where you rank in local search.

I run Voltara Digital — we help Bristol roofers get found online and turn more of those Google searches into booked jobs: a clean website, a stronger Google profile, and a bit of AI automation to chase reviews and answer enquiries automatically.

Worth a quick 10-minute call to show you exactly what I'd change? I'll put together a free audit either way.

Cheers,
Billy
Voltara Digital

P.S. If this isn't relevant just reply ""no thanks"" and I won't follow up."
info@incastone.co.uk,Incastone Landscaping,Quick idea for Incastone Landscaping,"Hi,

I found Incastone Landscaping while looking at landscapers in Bristol. You're set up online, but only a handful of Google reviews showing — usually the main thing holding back where you rank in local search.

I run Voltara Digital — we help Bristol landscapers get found online and turn more of those Google searches into booked jobs: a clean website, a stronger Google profile, and a bit of AI automation to chase reviews and answer enquiries automatically.

Worth a quick 10-minute call to show you exactly what I'd change? I'll put together a free audit either way.

Cheers,
Billy
Voltara Digital

P.S. If this isn't relevant just reply ""no thanks"" and I won't follow up."
info@emergencyplumbingnonstop.co.uk,Emergency Plumbing Nonstop Bristol,Quick idea for Emergency Plumbing Nonstop Bristol,"Hi,

I found Emergency Plumbing Nonstop Bristol while looking at plumbers in Bristol. You're set up online, but only a handful of Google reviews showing — usually the main thing holding back where you rank in local search.

I run Voltara Digital — we help Bristol plumbers get found online and turn more of those Google searches into booked jobs: a clean website, a stronger Google profile, and a bit of AI automation to chase reviews and answer enquiries automatically.

Worth a quick 10-minute call to show you exactly what I'd change? I'll put together a free audit either way.

Cheers,
Billy
Voltara Digital

P.S. If this isn't relevant just reply ""no thanks"" and I won't follow up."
info@bristoldriveways.co.uk,Bristol Driveways,Quick idea for Bristol Driveways,"Hi,

I found Bristol Driveways while looking at driveway & paving companys in Bristol. You're set up online, but only a handful of Google reviews showing — usually the main thing holding back where you rank in local search.

I run Voltara Digital — we help Bristol driveway & paving companys get found online and turn more of those Google searches into booked jobs: a clean website, a stronger Google profile, and a bit of AI automation to chase reviews and answer enquiries automatically.

Worth a quick 10-minute call to show you exactly what I'd change? I'll put together a free audit either way.

Cheers,
Billy
Voltara Digital

P.S. If this isn't relevant just reply ""no thanks"" and I won't follow up."
info@totalpatiodrivewaysolutions.co.uk,Total Patio & Driveway Solutions,Quick idea for Total Patio & Driveway Solutions,"Hi,

I found Total Patio & Driveway Solutions while looking at driveway & paving companys in Bristol. You're set up online, but only a handful of Google reviews showing — usually the main thing holding back where you rank in local search.

I run Voltara Digital — we help Bristol driveway & paving companys get found online and turn more of those Google searches into booked jobs: a clean website, a stronger Google profile, and a bit of AI automation to chase reviews and answer enquiries automatically.

Worth a quick 10-minute call to show you exactly what I'd change? I'll put together a free audit either way.

Cheers,
Billy
Voltara Digital

P.S. If this isn't relevant just reply ""no thanks"" and I won't follow up."
info@aandtsurfacing.co.uk,A & T (Bristol) Ltd,Quick idea for A & T (Bristol) Ltd,"Hi,

I found A & T (Bristol) Ltd while looking at driveway & paving companys in Bristol. You're set up online, but only a handful of Google reviews showing — usually the main thing holding back where you rank in local search.

I run Voltara Digital — we help Bristol driveway & paving companys get found online and turn more of those Google searches into booked jobs: a clean website, a stronger Google profile, and a bit of AI automation to chase reviews and answer enquiries automatically.

Worth a quick 10-minute call to show you exactly what I'd change? I'll put together a free audit either way.

Cheers,
Billy
Voltara Digital

P.S. If this isn't relevant just reply ""no thanks"" and I won't follow up."
lema.yousofi@hotmail.com,Aesthetics and Beyond,Quick idea for Aesthetics and Beyond,"Hi,

I found Aesthetics and Beyond while looking at aesthetic clinics in Bristol. You're set up online, but only a handful of Google reviews showing — usually the main thing holding back where you rank in local search.

I run Voltara Digital — we help Bristol aesthetic clinics get found online and turn more of those Google searches into booked jobs: a clean website, a stronger Google profile, and a bit of AI automation to chase reviews and answer enquiries automatically.

Worth a quick 10-minute call to show you exactly what I'd change? I'll put together a free audit either way.

Cheers,
Billy
Voltara Digital

P.S. If this isn't relevant just reply ""no thanks"" and I won't follow up."
swishdrivingschool@gmail.com,Swish Driving School,Quick idea for Swish Driving School,"Hi,

I found Swish Driving School while looking at driving schools in Bristol. You're set up online, but only a handful of Google reviews showing — usually the main thing holding back where you rank in local search.

I run Voltara Digital — we help Bristol driving schools get found online and turn more of those Google searches into booked jobs: a clean website, a stronger Google profile, and a bit of AI automation to chase reviews and answer enquiries automatically.

Worth a quick 10-minute call to show you exactly what I'd change? I'll put together a free audit either way.

Cheers,
Billy
Voltara Digital

P.S. If this isn't relevant just reply ""no thanks"" and I won't follow up."
info@mdcbuilders.co.uk,MDC Builders - Home Extension and Renovation,Quick idea for MDC Builders - Home Extension and Renovation,"Hi,

I found MDC Builders - Home Extension and Renovation while looking at builders in Birmingham. You're set up online, but only a handful of Google reviews showing — usually the main thing holding back where you rank in local search.

I run Voltara Digital — we help Birmingham builders get found online and turn more of those Google searches into booked jobs: a clean website, a stronger Google profile, and a bit of AI automation to chase reviews and answer enquiries automatically.

Worth a quick 10-minute call to show you exactly what I'd change? I'll put together a free audit either way.

Cheers,
Billy
Voltara Digital

P.S. If this isn't relevant just reply ""no thanks"" and I won't follow up."
epsbuilders@hotmail.com,EPS Builders Limited,Quick idea for EPS Builders Limited,"Hi,

I found EPS Builders Limited while looking at builders in Birmingham. You're set up online, but only a handful of Google reviews showing — usually the main thing holding back where you rank in local search.

I run Voltara Digital — we help Birmingham builders get found online and turn more of those Google searches into booked jobs: a clean website, a stronger Google profile, and a bit of AI automation to chase reviews and answer enquiries automatically.

Worth a quick 10-minute call to show you exactly what I'd change? I'll put together a free audit either way.

Cheers,
Billy
Voltara Digital

P.S. If this isn't relevant just reply ""no thanks"" and I won't follow up."
enquiries@waterside-landscapes.co.uk,Waterside Landscapes,Quick idea for Waterside Landscapes,"Hi,

I found Waterside Landscapes while looking at landscapers in Birmingham. You're set up online, but only a handful of Google reviews showing — usually the main thing holding back where you rank in local search.

I run Voltara Digital — we help Birmingham landscapers get found online and turn more of those Google searches into booked jobs: a clean website, a stronger Google profile, and a bit of AI automation to chase reviews and answer enquiries automatically.

Worth a quick 10-minute call to show you exactly what I'd change? I'll put together a free audit either way.

Cheers,
Billy
Voltara Digital

P.S. If this isn't relevant just reply ""no thanks"" and I won't follow up."
timsplumbing@outlook.com,Tim's Plumbing LLC,Quick idea for Tim's Plumbing LLC,"Hi,

I found Tim's Plumbing LLC while looking at plumbers in Birmingham. You're set up online, but only a handful of Google reviews showing — usually the main thing holding back where you rank in local search.

I run Voltara Digital — we help Birmingham plumbers get found online and turn more of those Google searches into booked jobs: a clean website, a stronger Google profile, and a bit of AI automation to chase reviews and answer enquiries automatically.

Worth a quick 10-minute call to show you exactly what I'd change? I'll put together a free audit either way.

Cheers,
Billy
Voltara Digital

P.S. If this isn't relevant just reply ""no thanks"" and I won't follow up."
rfarmer@dains.com,Dains Accountants Limited - Birmingham,Quick idea for Dains Accountants Limited - Birmingham,"Hi,

I found Dains Accountants Limited - Birmingham while looking at accountants in Birmingham. You're set up online, but only a handful of Google reviews showing — usually the main thing holding back where you rank in local search.

I run Voltara Digital — we help Birmingham accountants get found online and turn more of those Google searches into booked jobs: a clean website, a stronger Google profile, and a bit of AI automation to chase reviews and answer enquiries automatically.

Worth a quick 10-minute call to show you exactly what I'd change? I'll put together a free audit either way.

Cheers,
Billy
Voltara Digital

P.S. If this isn't relevant just reply ""no thanks"" and I won't follow up."
enquiries@midlandaccountants.co.uk,Midland Accountants,Quick idea for Midland Accountants,"Hi,

I found Midland Accountants while looking at accountants in Birmingham. You're set up online, but only a handful of Google reviews showing — usually the main thing holding back where you rank in local search.

I run Voltara Digital — we help Birmingham accountants get found online and turn more of those Google searches into booked jobs: a clean website, a stronger Google profile, and a bit of AI automation to chase reviews and answer enquiries automatically.

Worth a quick 10-minute call to show you exactly what I'd change? I'll put together a free audit either way.

Cheers,
Billy
Voltara Digital

P.S. If this isn't relevant just reply ""no thanks"" and I won't follow up."
info@avenuefinancialservices.co.uk,Avenue Financial Services,Quick idea for Avenue Financial Services,"Hi,

I found Avenue Financial Services while looking at mortgage brokers in Birmingham. You're set up online, but only a handful of Google reviews showing — usually the main thing holding back where you rank in local search.

I run Voltara Digital — we help Birmingham mortgage brokers get found online and turn more of those Google searches into booked jobs: a clean website, a stronger Google profile, and a bit of AI automation to chase reviews and answer enquiries automatically.

Worth a quick 10-minute call to show you exactly what I'd change? I'll put together a free audit either way.

Cheers,
Billy
Voltara Digital

P.S. If this isn't relevant just reply ""no thanks"" and I won't follow up."
stephanie.gant@silvertonmortgage.com,Silverton Mortgage - Birmingham,Quick idea for Silverton Mortgage - Birmingham,"Hi,

I found Silverton Mortgage - Birmingham while looking at mortgage brokers in Birmingham. You're set up online, but only a handful of Google reviews showing — usually the main thing holding back where you rank in local search.

I run Voltara Digital — we help Birmingham mortgage brokers get found online and turn more of those Google searches into booked jobs: a clean website, a stronger Google profile, and a bit of AI automation to chase reviews and answer enquiries automatically.

Worth a quick 10-minute call to show you exactly what I'd change? I'll put together a free audit either way.

Cheers,
Billy
Voltara Digital

P.S. If this isn't relevant just reply ""no thanks"" and I won't follow up."
info@klaracleaningservices.co.uk,Klara Cleaning Services Limited,Quick idea for Klara Cleaning Services Limited,"Hi,

I found Klara Cleaning Services Limited while looking at cleaning companys in Birmingham. You're set up online, but only a handful of Google reviews showing — usually the main thing holding back where you rank in local search.

I run Voltara Digital — we help Birmingham cleaning companys get found online and turn more of those Google searches into booked jobs: a clean website, a stronger Google profile, and a bit of AI automation to chase reviews and answer enquiries automatically.

Worth a quick 10-minute call to show you exactly what I'd change? I'll put together a free audit either way.

Cheers,
Billy
Voltara Digital

P.S. If this isn't relevant just reply ""no thanks"" and I won't follow up."
info@wrightwayofficecleaning.co.uk,wrightway office cleaning ltd,Quick idea for wrightway office cleaning ltd,"Hi,

I found wrightway office cleaning ltd while looking at cleaning companys in Birmingham. You're set up online, but only a handful of Google reviews showing — usually the main thing holding back where you rank in local search.

I run Voltara Digital — we help Birmingham cleaning companys get found online and turn more of those Google searches into booked jobs: a clean website, a stronger Google profile, and a bit of AI automation to chase reviews and answer enquiries automatically.

Worth a quick 10-minute call to show you exactly what I'd change? I'll put together a free audit either way.

Cheers,
Billy
Voltara Digital

P.S. If this isn't relevant just reply ""no thanks"" and I won't follow up."
info@sanitell.com,Sanitell Cleaning Services Limited,Quick idea for Sanitell Cleaning Services Limited,"Hi,

I found Sanitell Cleaning Services Limited while looking at cleaning companys in Birmingham. You're set up online, but only a handful of Google reviews showing — usually the main thing holding back where you rank in local search.

I run Voltara Digital — we help Birmingham cleaning companys get found online and turn more of those Google searches into booked jobs: a clean website, a stronger Google profile, and a bit of AI automation to chase reviews and answer enquiries automatically.

Worth a quick 10-minute call to show you exactly what I'd change? I'll put together a free audit either way.

Cheers,
Billy
Voltara Digital

P.S. If this isn't relevant just reply ""no thanks"" and I won't follow up."
hbk.buildingcontractors@yahoo.co.uk,H B K Building Contractors,Quick idea for H B K Building Contractors,"Hi,

I found H B K Building Contractors while looking at builders in Bristol. You're set up online, but only a handful of Google reviews showing — usually the main thing holding back where you rank in local search.

I run Voltara Digital — we help Bristol builders get found online and turn more of those Google searches into booked jobs: a clean website, a stronger Google profile, and a bit of AI automation to chase reviews and answer enquiries automatically.

Worth a quick 10-minute call to show you exactly what I'd change? I'll put together a free audit either way.

Cheers,
Billy
Voltara Digital

P.S. If this isn't relevant just reply ""no thanks"" and I won't follow up."
matthew@stringerconstructltd.co.uk,Stringer Construct Ltd,Quick idea for Stringer Construct Ltd,"Hi,

I found Stringer Construct Ltd while looking at builders in Bristol. You're set up online, but only a handful of Google reviews showing — usually the main thing holding back where you rank in local search.

I run Voltara Digital — we help Bristol builders get found online and turn more of those Google searches into booked jobs: a clean website, a stronger Google profile, and a bit of AI automation to chase reviews and answer enquiries automatically.

Worth a quick 10-minute call to show you exactly what I'd change? I'll put together a free audit either way.

Cheers,
Billy
Voltara Digital

P.S. If this isn't relevant just reply ""no thanks"" and I won't follow up."
assuredroofingsw@gmail.com,Assured Roofing South West Ltd,Quick idea for Assured Roofing South West Ltd,"Hi,

I found Assured Roofing South West Ltd while looking at roofers in Bristol. You're set up online, but only a handful of Google reviews showing — usually the main thing holding back where you rank in local search.

I run Voltara Digital — we help Bristol roofers get found online and turn more of those Google searches into booked jobs: a clean website, a stronger Google profile, and a bit of AI automation to chase reviews and answer enquiries automatically.

Worth a quick 10-minute call to show you exactly what I'd change? I'll put together a free audit either way.

Cheers,
Billy
Voltara Digital

P.S. If this isn't relevant just reply ""no thanks"" and I won't follow up."
enquiries@your-solution.co.uk,Your Solution Garden & Landscapes,Quick idea for Your Solution Garden & Landscapes,"Hi,

I found Your Solution Garden & Landscapes while looking at landscapers in Bristol. You're set up online, but only a handful of Google reviews showing — usually the main thing holding back where you rank in local search.

I run Voltara Digital — we help Bristol landscapers get found online and turn more of those Google searches into booked jobs: a clean website, a stronger Google profile, and a bit of AI automation to chase reviews and answer enquiries automatically.

Worth a quick 10-minute call to show you exactly what I'd change? I'll put together a free audit either way.

Cheers,
Billy
Voltara Digital

P.S. If this isn't relevant just reply ""no thanks"" and I won't follow up."
info@cornishgardenservices.co.uk,Cornish Garden Services,Quick idea for Cornish Garden Services,"Hi,

I found Cornish Garden Services while looking at landscapers in Bristol. You're set up online, but only a handful of Google reviews showing — usually the main thing holding back where you rank in local search.

I run Voltara Digital — we help Bristol landscapers get found online and turn more of those Google searches into booked jobs: a clean website, a stronger Google profile, and a bit of AI automation to chase reviews and answer enquiries automatically.

Worth a quick 10-minute call to show you exactly what I'd change? I'll put together a free audit either way.

Cheers,
Billy
Voltara Digital

P.S. If this isn't relevant just reply ""no thanks"" and I won't follow up."
ben@brpgardenservices.co.uk,BRP Garden services,Quick idea for BRP Garden services,"Hi,

I found BRP Garden services while looking at landscapers in Bristol. You're set up online, but only a handful of Google reviews showing — usually the main thing holding back where you rank in local search.

I run Voltara Digital — we help Bristol landscapers get found online and turn more of those Google searches into booked jobs: a clean website, a stronger Google profile, and a bit of AI automation to chase reviews and answer enquiries automatically.

Worth a quick 10-minute call to show you exactly what I'd change? I'll put together a free audit either way.

Cheers,
Billy
Voltara Digital

P.S. If this isn't relevant just reply ""no thanks"" and I won't follow up."
info@ejplumbing.co.uk,EJ Plumbing,Quick idea for EJ Plumbing,"Hi,

I found EJ Plumbing while looking at plumbers in Bristol. You're set up online, but only a handful of Google reviews showing — usually the main thing holding back where you rank in local search.

I run Voltara Digital — we help Bristol plumbers get found online and turn more of those Google searches into booked jobs: a clean website, a stronger Google profile, and a bit of AI automation to chase reviews and answer enquiries automatically.

Worth a quick 10-minute call to show you exactly what I'd change? I'll put together a free audit either way.

Cheers,
Billy
Voltara Digital

P.S. If this isn't relevant just reply ""no thanks"" and I won't follow up."
westcoastlandscapinguk@gmail.com,West coast Landscaping & Gardening,Quick idea for West coast Landscaping & Gardening,"Hi,

I found West coast Landscaping & Gardening while looking at driveway & paving companys in Bristol. You're set up online, but only a handful of Google reviews showing — usually the main thing holding back where you rank in local search.

I run Voltara Digital — we help Bristol driveway & paving companys get found online and turn more of those Google searches into booked jobs: a clean website, a stronger Google profile, and a bit of AI automation to chase reviews and answer enquiries automatically.

Worth a quick 10-minute call to show you exactly what I'd change? I'll put together a free audit either way.

Cheers,
Billy
Voltara Digital

P.S. If this isn't relevant just reply ""no thanks"" and I won't follow up."
info@csheppard.co.uk,C Sheppard Limited,Quick idea for C Sheppard Limited,"Hi,

I found C Sheppard Limited while looking at driveway & paving companys in Bristol. You're set up online, but only a handful of Google reviews showing — usually the main thing holding back where you rank in local search.

I run Voltara Digital — we help Bristol driveway & paving companys get found online and turn more of those Google searches into booked jobs: a clean website, a stronger Google profile, and a bit of AI automation to chase reviews and answer enquiries automatically.

Worth a quick 10-minute call to show you exactly what I'd change? I'll put together a free audit either way.

Cheers,
Billy
Voltara Digital

P.S. If this isn't relevant just reply ""no thanks"" and I won't follow up."
accountants@charltonbaker.co.uk,Charlton Baker Bristol Clifton,Quick idea for Charlton Baker Bristol Clifton,"Hi,

I found Charlton Baker Bristol Clifton while looking at accountants in Bristol. You're set up online, but only a handful of Google reviews showing — usually the main thing holding back where you rank in local search.

I run Voltara Digital — we help Bristol accountants get found online and turn more of those Google searches into booked jobs: a clean website, a stronger Google profile, and a bit of AI automation to chase reviews and answer enquiries automatically.

Worth a quick 10-minute call to show you exactly what I'd change? I'll put together a free audit either way.

Cheers,
Billy
Voltara Digital

P.S. If this isn't relevant just reply ""no thanks"" and I won't follow up."
hello@turnerberry.co.uk,TurnerBerry Accountants,Quick idea for TurnerBerry Accountants,"Hi,

I found TurnerBerry Accountants while looking at accountants in Bristol. You're set up online, but only a handful of Google reviews showing — usually the main thing holding back where you rank in local search.

I run Voltara Digital — we help Bristol accountants get found online and turn more of those Google searches into booked jobs: a clean website, a stronger Google profile, and a bit of AI automation to chase reviews and answer enquiries automatically.

Worth a quick 10-minute call to show you exactly what I'd change? I'll put together a free audit either way.

Cheers,
Billy
Voltara Digital

P.S. If this isn't relevant just reply ""no thanks"" and I won't follow up."
info@esy-tax.co.uk,EasyAccounts and Tax LTD- Bristol Office,Quick idea for EasyAccounts and Tax LTD- Bristol Office,"Hi,

I found EasyAccounts and Tax LTD- Bristol Office while looking at accountants in Bristol. You're set up online, but only a handful of Google reviews showing — usually the main thing holding back where you rank in local search.

I run Voltara Digital — we help Bristol accountants get found online and turn more of those Google searches into booked jobs: a clean website, a stronger Google profile, and a bit of AI automation to chase reviews and answer enquiries automatically.

Worth a quick 10-minute call to show you exactly what I'd change? I'll put together a free audit either way.

Cheers,
Billy
Voltara Digital

P.S. If this isn't relevant just reply ""no thanks"" and I won't follow up."
enquiries@tc-group.com,TC Group Accountants West Bristol,Quick idea for TC Group Accountants West Bristol,"Hi,

I found TC Group Accountants West Bristol while looking at accountants in Bristol. You're set up online, but only a handful of Google reviews showing — usually the main thing holding back where you rank in local search.

I run Voltara Digital — we help Bristol accountants get found online and turn more of those Google searches into booked jobs: a clean website, a stronger Google profile, and a bit of AI automation to chase reviews and answer enquiries automatically.

Worth a quick 10-minute call to show you exactly what I'd change? I'll put together a free audit either way.

Cheers,
Billy
Voltara Digital

P.S. If this isn't relevant just reply ""no thanks"" and I won't follow up."
earlyincareer@bdo.co.uk,BDO LLP,Quick idea for BDO LLP,"Hi,

I found BDO LLP while looking at accountants in Bristol. You're set up online, but only a handful of Google reviews showing — usually the main thing holding back where you rank in local search.

I run Voltara Digital — we help Bristol accountants get found online and turn more of those Google searches into booked jobs: a clean website, a stronger Google profile, and a bit of AI automation to chase reviews and answer enquiries automatically.

Worth a quick 10-minute call to show you exactly what I'd change? I'll put together a free audit either way.

Cheers,
Billy
Voltara Digital

P.S. If this isn't relevant just reply ""no thanks"" and I won't follow up."
support@netclime.com,Halo Law - Criminal Defence Solicitors & Barristers,Quick idea for Halo Law - Criminal Defence Solicitors & Barristers,"Hi,

I found Halo Law - Criminal Defence Solicitors & Barristers while looking at solicitors in Bristol. You're set up online, but only a handful of Google reviews showing — usually the main thing holding back where you rank in local search.

I run Voltara Digital — we help Bristol solicitors get found online and turn more of those Google searches into booked jobs: a clean website, a stronger Google profile, and a bit of AI automation to chase reviews and answer enquiries automatically.

Worth a quick 10-minute call to show you exactly what I'd change? I'll put together a free audit either way.

Cheers,
Billy
Voltara Digital

P.S. If this isn't relevant just reply ""no thanks"" and I won't follow up."
elaine@mortgagesunlocked.co.uk,Mortgages Unlocked,Quick idea for Mortgages Unlocked,"Hi,

I found Mortgages Unlocked while looking at mortgage brokers in Bristol. You're set up online, but only a handful of Google reviews showing — usually the main thing holding back where you rank in local search.

I run Voltara Digital — we help Bristol mortgage brokers get found online and turn more of those Google searches into booked jobs: a clean website, a stronger Google profile, and a bit of AI automation to chase reviews and answer enquiries automatically.

Worth a quick 10-minute call to show you exactly what I'd change? I'll put together a free audit either way.

Cheers,
Billy
Voltara Digital

P.S. If this isn't relevant just reply ""no thanks"" and I won't follow up."
info@ianstuartmortgages.co.uk,Ian Stuart Mortgages Ltd,Quick idea for Ian Stuart Mortgages Ltd,"Hi,

I found Ian Stuart Mortgages Ltd while looking at mortgage brokers in Bristol. You're set up online, but only a handful of Google reviews showing — usually the main thing holding back where you rank in local search.

I run Voltara Digital — we help Bristol mortgage brokers get found online and turn more of those Google searches into booked jobs: a clean website, a stronger Google profile, and a bit of AI automation to chase reviews and answer enquiries automatically.

Worth a quick 10-minute call to show you exactly what I'd change? I'll put together a free audit either way.

Cheers,
Billy
Voltara Digital

P.S. If this isn't relevant just reply ""no thanks"" and I won't follow up."
info@basiljames.co.uk,Basil James Financial Services,Quick idea for Basil James Financial Services,"Hi,

I found Basil James Financial Services while looking at mortgage brokers in Bristol. You're set up online, but only a handful of Google reviews showing — usually the main thing holding back where you rank in local search.

I run Voltara Digital — we help Bristol mortgage brokers get found online and turn more of those Google searches into booked jobs: a clean website, a stronger Google profile, and a bit of AI automation to chase reviews and answer enquiries automatically.

Worth a quick 10-minute call to show you exactly what I'd change? I'll put together a free audit either way.

Cheers,
Billy
Voltara Digital

P.S. If this isn't relevant just reply ""no thanks"" and I won't follow up."
growth@mail.uk,Rob Olivier - DVSA Approved Driving Instructor,Quick idea for Rob Olivier - DVSA Approved Driving Instructor,"Hi,

I found Rob Olivier - DVSA Approved Driving Instructor while looking at driving schools in Bristol. You're set up online, but only a handful of Google reviews showing — usually the main thing holding back where you rank in local search.

I run Voltara Digital — we help Bristol driving schools get found online and turn more of those Google searches into booked jobs: a clean website, a stronger Google profile, and a bit of AI automation to chase reviews and answer enquiries automatically.

Worth a quick 10-minute call to show you exactly what I'd change? I'll put together a free audit either way.

Cheers,
Billy
Voltara Digital

P.S. If this isn't relevant just reply ""no thanks"" and I won't follow up."
bscleaning@btconnect.com,B & S Cleaning (Bristol) Limited,Quick idea for B & S Cleaning (Bristol) Limited,"Hi,

I found B & S Cleaning (Bristol) Limited while looking at cleaning companys in Bristol. You're set up online, but only a handful of Google reviews showing — usually the main thing holding back where you rank in local search.

I run Voltara Digital — we help Bristol cleaning companys get found online and turn more of those Google searches into booked jobs: a clean website, a stronger Google profile, and a bit of AI automation to chase reviews and answer enquiries automatically.

Worth a quick 10-minute call to show you exactly what I'd change? I'll put together a free audit either way.

Cheers,
Billy
Voltara Digital

P.S. If this isn't relevant just reply ""no thanks"" and I won't follow up."
adrian@kitchen-restorers.com,Kitchen Restorers,Quick idea for Kitchen Restorers,"Hi,

I found Kitchen Restorers while looking at kitchen-fitting businesss in Birmingham. You're set up online, but only a handful of Google reviews showing — usually the main thing holding back where you rank in local search.

I run Voltara Digital — we help Birmingham kitchen-fitting businesss get found online and turn more of those Google searches into booked jobs: a clean website, a stronger Google profile, and a bit of AI automation to chase reviews and answer enquiries automatically.

Worth a quick 10-minute call to show you exactly what I'd change? I'll put together a free audit either way.

Cheers,
Billy
Voltara Digital

P.S. If this isn't relevant just reply ""no thanks"" and I won't follow up."
enquiries@enterpriseelectrical.co.uk,Enterprise Electrical Services Ltd,Quick idea for Enterprise Electrical Services Ltd,"Hi,

I found Enterprise Electrical Services Ltd while looking at electricians in Birmingham. You're set up online, but only a handful of Google reviews showing — usually the main thing holding back where you rank in local search.

I run Voltara Digital — we help Birmingham electricians get found online and turn more of those Google searches into booked jobs: a clean website, a stronger Google profile, and a bit of AI automation to chase reviews and answer enquiries automatically.

Worth a quick 10-minute call to show you exactly what I'd change? I'll put together a free audit either way.

Cheers,
Billy
Voltara Digital

P.S. If this isn't relevant just reply ""no thanks"" and I won't follow up."
wbedsole@birminghamec.com,Birmingham Electrical Contractors,Quick idea for Birmingham Electrical Contractors,"Hi,

I found Birmingham Electrical Contractors while looking at electricians in Birmingham. You're set up online, but only a handful of Google reviews showing — usually the main thing holding back where you rank in local search.

I run Voltara Digital — we help Birmingham electricians get found online and turn more of those Google searches into booked jobs: a clean website, a stronger Google profile, and a bit of AI automation to chase reviews and answer enquiries automatically.

Worth a quick 10-minute call to show you exactly what I'd change? I'll put together a free audit either way.

Cheers,
Billy
Voltara Digital

P.S. If this isn't relevant just reply ""no thanks"" and I won't follow up."
omargasandplumbing@gmail.com,Omar Gas and Plumbing,Quick idea for Omar Gas and Plumbing,"Hi,

I found Omar Gas and Plumbing while looking at plumbers in Birmingham. You're set up online, but only a handful of Google reviews showing — usually the main thing holding back where you rank in local search.

I run Voltara Digital — we help Birmingham plumbers get found online and turn more of those Google searches into booked jobs: a clean website, a stronger Google profile, and a bit of AI automation to chase reviews and answer enquiries automatically.

Worth a quick 10-minute call to show you exactly what I'd change? I'll put together a free audit either way.

Cheers,
Billy
Voltara Digital

P.S. If this isn't relevant just reply ""no thanks"" and I won't follow up."
enq@silverlinedriveways.co.uk,Silverline Driveways,Quick idea for Silverline Driveways,"Hi,

I found Silverline Driveways while looking at driveway & paving companys in Birmingham. You're set up online, but only a handful of Google reviews showing — usually the main thing holding back where you rank in local search.

I run Voltara Digital — we help Birmingham driveway & paving companys get found online and turn more of those Google searches into booked jobs: a clean website, a stronger Google profile, and a bit of AI automation to chase reviews and answer enquiries automatically.

Worth a quick 10-minute call to show you exactly what I'd change? I'll put together a free audit either way.

Cheers,
Billy
Voltara Digital

P.S. If this isn't relevant just reply ""no thanks"" and I won't follow up."
ltpaving@outlook.com,LT Paving,Quick idea for LT Paving,"Hi,

I found LT Paving while looking at driveway & paving companys in Birmingham. You're set up online, but only a handful of Google reviews showing — usually the main thing holding back where you rank in local search.

I run Voltara Digital — we help Birmingham driveway & paving companys get found online and turn more of those Google searches into booked jobs: a clean website, a stronger Google profile, and a bit of AI automation to chase reviews and answer enquiries automatically.

Worth a quick 10-minute call to show you exactly what I'd change? I'll put together a free audit either way.

Cheers,
Billy
Voltara Digital

P.S. If this isn't relevant just reply ""no thanks"" and I won't follow up."
birmingham@bookcheck.co.uk,BookCheck Birmingham,Quick idea for BookCheck Birmingham,"Hi,

I found BookCheck Birmingham while looking at accountants in Birmingham. You're set up online, but only a handful of Google reviews showing — usually the main thing holding back where you rank in local search.

I run Voltara Digital — we help Birmingham accountants get found online and turn more of those Google searches into booked jobs: a clean website, a stronger Google profile, and a bit of AI automation to chase reviews and answer enquiries automatically.

Worth a quick 10-minute call to show you exactly what I'd change? I'll put together a free audit either way.

Cheers,
Billy
Voltara Digital

P.S. If this isn't relevant just reply ""no thanks"" and I won't follow up."
aj@apefinance.co.uk,Mortgage Broker Birmingham - Ape Finance t/a Fetchh,Quick idea for Mortgage Broker Birmingham - Ape Finance t/a Fetchh,"Hi,

I found Mortgage Broker Birmingham - Ape Finance t/a Fetchh while looking at mortgage brokers in Birmingham. You're set up online, but only a handful of Google reviews showing — usually the main thing holding back where you rank in local search.

I run Voltara Digital — we help Birmingham mortgage brokers get found online and turn more of those Google searches into booked jobs: a clean website, a stronger Google profile, and a bit of AI automation to chase reviews and answer enquiries automatically.

Worth a quick 10-minute call to show you exactly what I'd change? I'll put together a free audit either way.

Cheers,
Billy
Voltara Digital

P.S. If this isn't relevant just reply ""no thanks"" and I won't follow up."
bcteam@mortgagebancllc.com,Ben L Chenault | MortgageBanc SVP Area Manager,Quick idea for Ben L Chenault | MortgageBanc SVP Area Manager,"Hi,

I found Ben L Chenault | MortgageBanc SVP Area Manager while looking at mortgage brokers in Birmingham. You're set up online, but only a handful of Google reviews showing — usually the main thing holding back where you rank in local search.

I run Voltara Digital — we help Birmingham mortgage brokers get found online and turn more of those Google searches into booked jobs: a clean website, a stronger Google profile, and a bit of AI automation to chase reviews and answer enquiries automatically.

Worth a quick 10-minute call to show you exactly what I'd change? I'll put together a free audit either way.

Cheers,
Billy
Voltara Digital

P.S. If this isn't relevant just reply ""no thanks"" and I won't follow up."
samuel@ecmortgage.co.uk,EC Mortgage,Quick idea for EC Mortgage,"Hi,

I found EC Mortgage while looking at mortgage brokers in Birmingham. You're set up online, but only a handful of Google reviews showing — usually the main thing holding back where you rank in local search.

I run Voltara Digital — we help Birmingham mortgage brokers get found online and turn more of those Google searches into booked jobs: a clean website, a stronger Google profile, and a bit of AI automation to chase reviews and answer enquiries automatically.

Worth a quick 10-minute call to show you exactly what I'd change? I'll put together a free audit either way.

Cheers,
Billy
Voltara Digital

P.S. If this isn't relevant just reply ""no thanks"" and I won't follow up."
info@maypolevets.co.uk,Maypole Vets,Quick idea for Maypole Vets,"Hi,

I found Maypole Vets while looking at vets in Birmingham. You're set up online, but only a handful of Google reviews showing — usually the main thing holding back where you rank in local search.

I run Voltara Digital — we help Birmingham vets get found online and turn more of those Google searches into booked jobs: a clean website, a stronger Google profile, and a bit of AI automation to chase reviews and answer enquiries automatically.

Worth a quick 10-minute call to show you exactly what I'd change? I'll put together a free audit either way.

Cheers,
Billy
Voltara Digital

P.S. If this isn't relevant just reply ""no thanks"" and I won't follow up."
info@4mula1cleaningservicesltd.co.uk,4mula1 Cleaning Services Ltd,Quick idea for 4mula1 Cleaning Services Ltd,"Hi,

I found 4mula1 Cleaning Services Ltd while looking at cleaning companys in Birmingham. You're set up online, but only a handful of Google reviews showing — usually the main thing holding back where you rank in local search.

I run Voltara Digital — we help Birmingham cleaning companys get found online and turn more of those Google searches into booked jobs: a clean website, a stronger Google profile, and a bit of AI automation to chase reviews and answer enquiries automatically.

Worth a quick 10-minute call to show you exactly what I'd change? I'll put together a free audit either way.

Cheers,
Billy
Voltara Digital

P.S. If this isn't relevant just reply ""no thanks"" and I won't follow up."
info@clean360birmingham.co.uk,Clean360 Birmingham,Quick idea for Clean360 Birmingham,"Hi,

I found Clean360 Birmingham while looking at cleaning companys in Birmingham. You're set up online, but only a handful of Google reviews showing — usually the main thing holding back where you rank in local search.

I run Voltara Digital — we help Birmingham cleaning companys get found online and turn more of those Google searches into booked jobs: a clean website, a stronger Google profile, and a bit of AI automation to chase reviews and answer enquiries automatically.

Worth a quick 10-minute call to show you exactly what I'd change? I'll put together a free audit either way.

Cheers,
Billy
Voltara Digital

P.S. If this isn't relevant just reply ""no thanks"" and I won't follow up."
hello@bristoljoinery.co,Bristol Joinery Co,Quick idea for Bristol Joinery Co,"Hi,

I found Bristol Joinery Co while looking at kitchen-fitting businesss in Bristol. You're set up online, but only a handful of Google reviews showing — usually the main thing holding back where you rank in local search.

I run Voltara Digital — we help Bristol kitchen-fitting businesss get found online and turn more of those Google searches into booked jobs: a clean website, a stronger Google profile, and a bit of AI automation to chase reviews and answer enquiries automatically.

Worth a quick 10-minute call to show you exactly what I'd change? I'll put together a free audit either way.

Cheers,
Billy
Voltara Digital

P.S. If this isn't relevant just reply ""no thanks"" and I won't follow up."
jonithan@beaufortkitchens.co.uk,Beaufort Bespoke Kitchens & Cabinet Makers,Quick idea for Beaufort Bespoke Kitchens & Cabinet Makers,"Hi,

I found Beaufort Bespoke Kitchens & Cabinet Makers while looking at kitchen-fitting businesss in Bristol. You're set up online, but only a handful of Google reviews showing — usually the main thing holding back where you rank in local search.

I run Voltara Digital — we help Bristol kitchen-fitting businesss get found online and turn more of those Google searches into booked jobs: a clean website, a stronger Google profile, and a bit of AI automation to chase reviews and answer enquiries automatically.

Worth a quick 10-minute call to show you exactly what I'd change? I'll put together a free audit either way.

Cheers,
Billy
Voltara Digital

P.S. If this isn't relevant just reply ""no thanks"" and I won't follow up."
bristolcitykitchensandbathrooms@protonmail.com,Bristol City Kitchens and Bathrooms,Quick idea for Bristol City Kitchens and Bathrooms,"Hi,

I found Bristol City Kitchens and Bathrooms while looking at bathroom-fitting businesss in Bristol. You're set up online, but only a handful of Google reviews showing — usually the main thing holding back where you rank in local search.

I run Voltara Digital — we help Bristol bathroom-fitting businesss get found online and turn more of those Google searches into booked jobs: a clean website, a stronger Google profile, and a bit of AI automation to chase reviews and answer enquiries automatically.

Worth a quick 10-minute call to show you exactly what I'd change? I'll put together a free audit either way.

Cheers,
Billy
Voltara Digital

P.S. If this isn't relevant just reply ""no thanks"" and I won't follow up."
lisa@greenheartuk.com,Greenheart Sustainable Construction,Quick idea for Greenheart Sustainable Construction,"Hi,

I found Greenheart Sustainable Construction while looking at builders in Bristol. You're set up online, but only a handful of Google reviews showing — usually the main thing holding back where you rank in local search.

I run Voltara Digital — we help Bristol builders get found online and turn more of those Google searches into booked jobs: a clean website, a stronger Google profile, and a bit of AI automation to chase reviews and answer enquiries automatically.

Worth a quick 10-minute call to show you exactly what I'd change? I'll put together a free audit either way.

Cheers,
Billy
Voltara Digital

P.S. If this isn't relevant just reply ""no thanks"" and I won't follow up."
info@sagelandscapes.co.uk,Sage Landscapes,Quick idea for Sage Landscapes,"Hi,

I found Sage Landscapes while looking at landscapers in Bristol. You're set up online, but only a handful of Google reviews showing — usually the main thing holding back where you rank in local search.

I run Voltara Digital — we help Bristol landscapers get found online and turn more of those Google searches into booked jobs: a clean website, a stronger Google profile, and a bit of AI automation to chase reviews and answer enquiries automatically.

Worth a quick 10-minute call to show you exactly what I'd change? I'll put together a free audit either way.

Cheers,
Billy
Voltara Digital

P.S. If this isn't relevant just reply ""no thanks"" and I won't follow up."
info@tomwoodfitness.co.uk,Tom Wood Fitness,Quick idea for Tom Wood Fitness,"Hi,

I found Tom Wood Fitness while looking at personal training businesss in Bristol. You're set up online, but only a handful of Google reviews showing — usually the main thing holding back where you rank in local search.

I run Voltara Digital — we help Bristol personal training businesss get found online and turn more of those Google searches into booked jobs: a clean website, a stronger Google profile, and a bit of AI automation to chase reviews and answer enquiries automatically.

Worth a quick 10-minute call to show you exactly what I'd change? I'll put together a free audit either way.

Cheers,
Billy
Voltara Digital

P.S. If this isn't relevant just reply ""no thanks"" and I won't follow up."
info@hannahdonkin.com,Hannah Donkin,Quick idea for Hannah Donkin,"Hi,

I found Hannah Donkin while looking at personal training businesss in Bristol. You're set up online, but only a handful of Google reviews showing — usually the main thing holding back where you rank in local search.

I run Voltara Digital — we help Bristol personal training businesss get found online and turn more of those Google searches into booked jobs: a clean website, a stronger Google profile, and a bit of AI automation to chase reviews and answer enquiries automatically.

Worth a quick 10-minute call to show you exactly what I'd change? I'll put together a free audit either way.

Cheers,
Billy
Voltara Digital

P.S. If this isn't relevant just reply ""no thanks"" and I won't follow up."
j.harris@oceanhome.co.uk,Ocean Mortgages,Quick idea for Ocean Mortgages,"Hi,

I found Ocean Mortgages while looking at mortgage brokers in Bristol. You're set up online, but only a handful of Google reviews showing — usually the main thing holding back where you rank in local search.

I run Voltara Digital — we help Bristol mortgage brokers get found online and turn more of those Google searches into booked jobs: a clean website, a stronger Google profile, and a bit of AI automation to chase reviews and answer enquiries automatically.

Worth a quick 10-minute call to show you exactly what I'd change? I'll put together a free audit either way.

Cheers,
Billy
Voltara Digital

P.S. If this isn't relevant just reply ""no thanks"" and I won't follow up."
eddie@mirrorsfirstdrivingschool.com,Mirrors First Driving School,Quick idea for Mirrors First Driving School,"Hi,

I found Mirrors First Driving School while looking at driving schools in Bristol. You're set up online, but only a handful of Google reviews showing — usually the main thing holding back where you rank in local search.

I run Voltara Digital — we help Bristol driving schools get found online and turn more of those Google searches into booked jobs: a clean website, a stronger Google profile, and a bit of AI automation to chase reviews and answer enquiries automatically.

Worth a quick 10-minute call to show you exactly what I'd change? I'll put together a free audit either way.

Cheers,
Billy
Voltara Digital

P.S. If this isn't relevant just reply ""no thanks"" and I won't follow up."
info@cosmiccleaningbristol.co.uk,Cosmic Cleaning Bristol,Quick idea for Cosmic Cleaning Bristol,"Hi,

I found Cosmic Cleaning Bristol while looking at cleaning companys in Bristol. You're set up online, but only a handful of Google reviews showing — usually the main thing holding back where you rank in local search.

I run Voltara Digital — we help Bristol cleaning companys get found online and turn more of those Google searches into booked jobs: a clean website, a stronger Google profile, and a bit of AI automation to chase reviews and answer enquiries automatically.

Worth a quick 10-minute call to show you exactly what I'd change? I'll put together a free audit either way.

Cheers,
Billy
Voltara Digital

P.S. If this isn't relevant just reply ""no thanks"" and I won't follow up."
lori@daystarconstruction.com,"Day Star Construction, Inc.","Quick idea for Day Star Construction, Inc.","Hi,

I found Day Star Construction, Inc. while looking at builders in Birmingham. You're set up online, but only a handful of Google reviews showing — usually the main thing holding back where you rank in local search.

I run Voltara Digital — we help Birmingham builders get found online and turn more of those Google searches into booked jobs: a clean website, a stronger Google profile, and a bit of AI automation to chase reviews and answer enquiries automatically.

Worth a quick 10-minute call to show you exactly what I'd change? I'll put together a free audit either way.

Cheers,
Billy
Voltara Digital

P.S. If this isn't relevant just reply ""no thanks"" and I won't follow up."
roofingandgutteringservices1@hotmail.com,Roofing & Guttering Services,Quick idea for Roofing & Guttering Services,"Hi,

I found Roofing & Guttering Services while looking at roofers in Birmingham. You're set up online, but only a handful of Google reviews showing — usually the main thing holding back where you rank in local search.

I run Voltara Digital — we help Birmingham roofers get found online and turn more of those Google searches into booked jobs: a clean website, a stronger Google profile, and a bit of AI automation to chase reviews and answer enquiries automatically.

Worth a quick 10-minute call to show you exactly what I'd change? I'll put together a free audit either way.

Cheers,
Billy
Voltara Digital

P.S. If this isn't relevant just reply ""no thanks"" and I won't follow up."
kcelandscapes@gmail.com,K.C.E Landscapes,Quick idea for K.C.E Landscapes,"Hi,

I found K.C.E Landscapes while looking at landscapers in Birmingham. You're set up online, but only a handful of Google reviews showing — usually the main thing holding back where you rank in local search.

I run Voltara Digital — we help Birmingham landscapers get found online and turn more of those Google searches into booked jobs: a clean website, a stronger Google profile, and a bit of AI automation to chase reviews and answer enquiries automatically.

Worth a quick 10-minute call to show you exactly what I'd change? I'll put together a free audit either way.

Cheers,
Billy
Voltara Digital

P.S. If this isn't relevant just reply ""no thanks"" and I won't follow up."
dlghomeimprovements@outlook.com,Supreme Landscaping,Quick idea for Supreme Landscaping,"Hi,

I found Supreme Landscaping while looking at landscapers in Birmingham. You're set up online, but only a handful of Google reviews showing — usually the main thing holding back where you rank in local search.

I run Voltara Digital — we help Birmingham landscapers get found online and turn more of those Google searches into booked jobs: a clean website, a stronger Google profile, and a bit of AI automation to chase reviews and answer enquiries automatically.

Worth a quick 10-minute call to show you exactly what I'd change? I'll put together a free audit either way.

Cheers,
Billy
Voltara Digital

P.S. If this isn't relevant just reply ""no thanks"" and I won't follow up."
info@ecelectrical.co.uk,EC Electrical,Quick idea for EC Electrical,"Hi,

I found EC Electrical while looking at electricians in Birmingham. You're set up online, but only a handful of Google reviews showing — usually the main thing holding back where you rank in local search.

I run Voltara Digital — we help Birmingham electricians get found online and turn more of those Google searches into booked jobs: a clean website, a stronger Google profile, and a bit of AI automation to chase reviews and answer enquiries automatically.

Worth a quick 10-minute call to show you exactly what I'd change? I'll put together a free audit either way.

Cheers,
Billy
Voltara Digital

P.S. If this isn't relevant just reply ""no thanks"" and I won't follow up."
admin@ceslimited.uk.com,CES - Countrywide Electrical Services Ltd,Quick idea for CES - Countrywide Electrical Services Ltd,"Hi,

I found CES - Countrywide Electrical Services Ltd while looking at electricians in Birmingham. You're set up online, but only a handful of Google reviews showing — usually the main thing holding back where you rank in local search.

I run Voltara Digital — we help Birmingham electricians get found online and turn more of those Google searches into booked jobs: a clean website, a stronger Google profile, and a bit of AI automation to chase reviews and answer enquiries automatically.

Worth a quick 10-minute call to show you exactly what I'd change? I'll put together a free audit either way.

Cheers,
Billy
Voltara Digital

P.S. If this isn't relevant just reply ""no thanks"" and I won't follow up."
ironphenatix@gmail.com,Ironphenatix Training Academy,Quick idea for Ironphenatix Training Academy,"Hi,

I found Ironphenatix Training Academy while looking at personal training businesss in Birmingham. You're set up online, but only a handful of Google reviews showing — usually the main thing holding back where you rank in local search.

I run Voltara Digital — we help Birmingham personal training businesss get found online and turn more of those Google searches into booked jobs: a clean website, a stronger Google profile, and a bit of AI automation to chase reviews and answer enquiries automatically.

Worth a quick 10-minute call to show you exactly what I'd change? I'll put together a free audit either way.

Cheers,
Billy
Voltara Digital

P.S. If this isn't relevant just reply ""no thanks"" and I won't follow up."
info@lt-mortgages.com,LT Mortgages,Quick idea for LT Mortgages,"Hi,

I found LT Mortgages while looking at mortgage brokers in Birmingham. You're set up online, but only a handful of Google reviews showing — usually the main thing holding back where you rank in local search.

I run Voltara Digital — we help Birmingham mortgage brokers get found online and turn more of those Google searches into booked jobs: a clean website, a stronger Google profile, and a bit of AI automation to chase reviews and answer enquiries automatically.

Worth a quick 10-minute call to show you exactly what I'd change? I'll put together a free audit either way.

Cheers,
Billy
Voltara Digital

P.S. If this isn't relevant just reply ""no thanks"" and I won't follow up."
ryszard@mortgagesfullstop.co.uk,Mortgagesfullstop,Quick idea for Mortgagesfullstop,"Hi,

I found Mortgagesfullstop while looking at mortgage brokers in Birmingham. You're set up online, but only a handful of Google reviews showing — usually the main thing holding back where you rank in local search.

I run Voltara Digital — we help Birmingham mortgage brokers get found online and turn more of those Google searches into booked jobs: a clean website, a stronger Google profile, and a bit of AI automation to chase reviews and answer enquiries automatically.

Worth a quick 10-minute call to show you exactly what I'd change? I'll put together a free audit either way.

Cheers,
Billy
Voltara Digital

P.S. If this isn't relevant just reply ""no thanks"" and I won't follow up."
support@glimmr.co.uk,Glimmr: House & Office Cleaners in Birmingham,Quick idea for Glimmr: House & Office Cleaners in Birmingham,"Hi,

I found Glimmr: House & Office Cleaners in Birmingham while looking at cleaning companys in Birmingham. You're set up online, but only a handful of Google reviews showing — usually the main thing holding back where you rank in local search.

I run Voltara Digital — we help Birmingham cleaning companys get found online and turn more of those Google searches into booked jobs: a clean website, a stronger Google profile, and a bit of AI automation to chase reviews and answer enquiries automatically.

Worth a quick 10-minute call to show you exactly what I'd change? I'll put together a free audit either way.

Cheers,
Billy
Voltara Digital

P.S. If this isn't relevant just reply ""no thanks"" and I won't follow up."
courtc@courtconstruction.co.uk,Court Construction (Bristol) Ltd,Quick idea for Court Construction (Bristol) Ltd,"Hi,

I found Court Construction (Bristol) Ltd while looking at builders in Bristol. You're set up online, but only a handful of Google reviews showing — usually the main thing holding back where you rank in local search.

I run Voltara Digital — we help Bristol builders get found online and turn more of those Google searches into booked jobs: a clean website, a stronger Google profile, and a bit of AI automation to chase reviews and answer enquiries automatically.

Worth a quick 10-minute call to show you exactly what I'd change? I'll put together a free audit either way.

Cheers,
Billy
Voltara Digital

P.S. If this isn't relevant just reply ""no thanks"" and I won't follow up."
info@tnt-roofing.co.uk,TnT Roofing Services Bristol,Quick idea for TnT Roofing Services Bristol,"Hi,

I found TnT Roofing Services Bristol while looking at roofers in Bristol. You're set up online, but only a handful of Google reviews showing — usually the main thing holding back where you rank in local search.

I run Voltara Digital — we help Bristol roofers get found online and turn more of those Google searches into booked jobs: a clean website, a stronger Google profile, and a bit of AI automation to chase reviews and answer enquiries automatically.

Worth a quick 10-minute call to show you exactly what I'd change? I'll put together a free audit either way.

Cheers,
Billy
Voltara Digital

P.S. If this isn't relevant just reply ""no thanks"" and I won't follow up."
info@strandekflatroofingbristol.co.uk,Strandek Flat Roofing Bristol,Quick idea for Strandek Flat Roofing Bristol,"Hi,

I found Strandek Flat Roofing Bristol while looking at roofers in Bristol. You're set up online, but only a handful of Google reviews showing — usually the main thing holding back where you rank in local search.

I run Voltara Digital — we help Bristol roofers get found online and turn more of those Google searches into booked jobs: a clean website, a stronger Google profile, and a bit of AI automation to chase reviews and answer enquiries automatically.

Worth a quick 10-minute call to show you exactly what I'd change? I'll put together a free audit either way.

Cheers,
Billy
Voltara Digital

P.S. If this isn't relevant just reply ""no thanks"" and I won't follow up."
jproofing@outlook.com,JP Roofing,Quick idea for JP Roofing,"Hi,

I found JP Roofing while looking at roofers in Bristol. You're set up online, but only a handful of Google reviews showing — usually the main thing holding back where you rank in local search.

I run Voltara Digital — we help Bristol roofers get found online and turn more of those Google searches into booked jobs: a clean website, a stronger Google profile, and a bit of AI automation to chase reviews and answer enquiries automatically.

Worth a quick 10-minute call to show you exactly what I'd change? I'll put together a free audit either way.

Cheers,
Billy
Voltara Digital

P.S. If this isn't relevant just reply ""no thanks"" and I won't follow up."
admin@paulobrienroofing.co.uk,Paul O'Brien Roofing and Building Ltd,Quick idea for Paul O'Brien Roofing and Building Ltd,"Hi,

I found Paul O'Brien Roofing and Building Ltd while looking at roofers in Bristol. You're set up online, but only a handful of Google reviews showing — usually the main thing holding back where you rank in local search.

I run Voltara Digital — we help Bristol roofers get found online and turn more of those Google searches into booked jobs: a clean website, a stronger Google profile, and a bit of AI automation to chase reviews and answer enquiries automatically.

Worth a quick 10-minute call to show you exactly what I'd change? I'll put together a free audit either way.

Cheers,
Billy
Voltara Digital

P.S. If this isn't relevant just reply ""no thanks"" and I won't follow up."
charlottepaynegardendesign@gmail.com,Charlotte Payne Garden Design,Quick idea for Charlotte Payne Garden Design,"Hi,

I found Charlotte Payne Garden Design while looking at landscapers in Bristol. You're set up online, but only a handful of Google reviews showing — usually the main thing holding back where you rank in local search.

I run Voltara Digital — we help Bristol landscapers get found online and turn more of those Google searches into booked jobs: a clean website, a stronger Google profile, and a bit of AI automation to chase reviews and answer enquiries automatically.

Worth a quick 10-minute call to show you exactly what I'd change? I'll put together a free audit either way.

Cheers,
Billy
Voltara Digital

P.S. If this isn't relevant just reply ""no thanks"" and I won't follow up."
info@apclarksurfacingcontractors.co.uk,A P Clark & Son Paving & Surfacing Contractors,Quick idea for A P Clark & Son Paving & Surfacing Contractors,"Hi,

I found A P Clark & Son Paving & Surfacing Contractors while looking at driveway & paving companys in Bristol. You're set up online, but only a handful of Google reviews showing — usually the main thing holding back where you rank in local search.

I run Voltara Digital — we help Bristol driveway & paving companys get found online and turn more of those Google searches into booked jobs: a clean website, a stronger Google profile, and a bit of AI automation to chase reviews and answer enquiries automatically.

Worth a quick 10-minute call to show you exactly what I'd change? I'll put together a free audit either way.

Cheers,
Billy
Voltara Digital

P.S. If this isn't relevant just reply ""no thanks"" and I won't follow up."
principal@lloydbottoms.co.uk,Lloydbottoms Ltd Chartered Accountants - Bristol - Staple Hill,Quick idea for Lloydbottoms Ltd Chartered Accountants - Bristol - Staple Hill,"Hi,

I found Lloydbottoms Ltd Chartered Accountants - Bristol - Staple Hill while looking at accountants in Bristol. You're set up online, but only a handful of Google reviews showing — usually the main thing holding back where you rank in local search.

I run Voltara Digital — we help Bristol accountants get found online and turn more of those Google searches into booked jobs: a clean website, a stronger Google profile, and a bit of AI automation to chase reviews and answer enquiries automatically.

Worth a quick 10-minute call to show you exactly what I'd change? I'll put together a free audit either way.

Cheers,
Billy
Voltara Digital

P.S. If this isn't relevant just reply ""no thanks"" and I won't follow up."
info@jflaw.co.uk,JF Law Personal Injury Solicitors,Quick idea for JF Law Personal Injury Solicitors,"Hi,

I found JF Law Personal Injury Solicitors while looking at solicitors in Bristol. You're set up online, but only a handful of Google reviews showing — usually the main thing holding back where you rank in local search.

I run Voltara Digital — we help Bristol solicitors get found online and turn more of those Google searches into booked jobs: a clean website, a stronger Google profile, and a bit of AI automation to chase reviews and answer enquiries automatically.

Worth a quick 10-minute call to show you exactly what I'd change? I'll put together a free audit either way.

Cheers,
Billy
Voltara Digital

P.S. If this isn't relevant just reply ""no thanks"" and I won't follow up."
query@quaylegal.co.uk,Quay Legal,Quick idea for Quay Legal,"Hi,

I found Quay Legal while looking at solicitors in Bristol. You're set up online, but only a handful of Google reviews showing — usually the main thing holding back where you rank in local search.

I run Voltara Digital — we help Bristol solicitors get found online and turn more of those Google searches into booked jobs: a clean website, a stronger Google profile, and a bit of AI automation to chase reviews and answer enquiries automatically.

Worth a quick 10-minute call to show you exactly what I'd change? I'll put together a free audit either way.

Cheers,
Billy
Voltara Digital

P.S. If this isn't relevant just reply ""no thanks"" and I won't follow up."
reception@beale-law.com,Bristol Company Solicitors LLP,Quick idea for Bristol Company Solicitors LLP,"Hi,

I found Bristol Company Solicitors LLP while looking at solicitors in Bristol. You're set up online, but only a handful of Google reviews showing — usually the main thing holding back where you rank in local search.

I run Voltara Digital — we help Bristol solicitors get found online and turn more of those Google searches into booked jobs: a clean website, a stronger Google profile, and a bit of AI automation to chase reviews and answer enquiries automatically.

Worth a quick 10-minute call to show you exactly what I'd change? I'll put together a free audit either way.

Cheers,
Billy
Voltara Digital

P.S. If this isn't relevant just reply ""no thanks"" and I won't follow up."
lessons@ontheroaddrivingschool.co.uk,On The Road Driving School,Quick idea for On The Road Driving School,"Hi,

I found On The Road Driving School while looking at driving schools in Bristol. You're set up online, but only a handful of Google reviews showing — usually the main thing holding back where you rank in local search.

I run Voltara Digital — we help Bristol driving schools get found online and turn more of those Google searches into booked jobs: a clean website, a stronger Google profile, and a bit of AI automation to chase reviews and answer enquiries automatically.

Worth a quick 10-minute call to show you exactly what I'd change? I'll put together a free audit either way.

Cheers,
Billy
Voltara Digital

P.S. If this isn't relevant just reply ""no thanks"" and I won't follow up."
sales@affordablecleaning.co.uk,Affordable Cleaning Services,Quick idea for Affordable Cleaning Services,"Hi,

I found Affordable Cleaning Services while looking at cleaning companys in Bristol. You're set up online, but only a handful of Google reviews showing — usually the main thing holding back where you rank in local search.

I run Voltara Digital — we help Bristol cleaning companys get found online and turn more of those Google searches into booked jobs: a clean website, a stronger Google profile, and a bit of AI automation to chase reviews and answer enquiries automatically.

Worth a quick 10-minute call to show you exactly what I'd change? I'll put together a free audit either way.

Cheers,
Billy
Voltara Digital

P.S. If this isn't relevant just reply ""no thanks"" and I won't follow up."
contact@cleanersbristol.co.uk,Cleaners Bristol,Quick idea for Cleaners Bristol,"Hi,

I found Cleaners Bristol while looking at cleaning companys in Bristol. You're set up online, but only a handful of Google reviews showing — usually the main thing holding back where you rank in local search.

I run Voltara Digital — we help Bristol cleaning companys get found online and turn more of those Google searches into booked jobs: a clean website, a stronger Google profile, and a bit of AI automation to chase reviews and answer enquiries automatically.

Worth a quick 10-minute call to show you exactly what I'd change? I'll put together a free audit either way.

Cheers,
Billy
Voltara Digital

P.S. If this isn't relevant just reply ""no thanks"" and I won't follow up."
cjjonesinstallations@outlook.com,C J Jones Installations Ltd,Quick idea for C J Jones Installations Ltd,"Hi,

I found C J Jones Installations Ltd while looking at kitchen-fitting businesss in Birmingham. You're set up online, but only a handful of Google reviews showing — usually the main thing holding back where you rank in local search.

I run Voltara Digital — we help Birmingham kitchen-fitting businesss get found online and turn more of those Google searches into booked jobs: a clean website, a stronger Google profile, and a bit of AI automation to chase reviews and answer enquiries automatically.

Worth a quick 10-minute call to show you exactly what I'd change? I'll put together a free audit either way.

Cheers,
Billy
Voltara Digital

P.S. If this isn't relevant just reply ""no thanks"" and I won't follow up."
birminghamcontractorsltd@gmail.com,Birmingham Contractors Limited,Quick idea for Birmingham Contractors Limited,"Hi,

I found Birmingham Contractors Limited while looking at builders in Birmingham. You're set up online, but only a handful of Google reviews showing — usually the main thing holding back where you rank in local search.

I run Voltara Digital — we help Birmingham builders get found online and turn more of those Google searches into booked jobs: a clean website, a stronger Google profile, and a bit of AI automation to chase reviews and answer enquiries automatically.

Worth a quick 10-minute call to show you exactly what I'd change? I'll put together a free audit either way.

Cheers,
Billy
Voltara Digital

P.S. If this isn't relevant just reply ""no thanks"" and I won't follow up."
info@dblbuilders.co.uk,DBL Builders Limited,Quick idea for DBL Builders Limited,"Hi,

I found DBL Builders Limited while looking at builders in Birmingham. You're set up online, but only a handful of Google reviews showing — usually the main thing holding back where you rank in local search.

I run Voltara Digital — we help Birmingham builders get found online and turn more of those Google searches into booked jobs: a clean website, a stronger Google profile, and a bit of AI automation to chase reviews and answer enquiries automatically.

Worth a quick 10-minute call to show you exactly what I'd change? I'll put together a free audit either way.

Cheers,
Billy
Voltara Digital

P.S. If this isn't relevant just reply ""no thanks"" and I won't follow up."
info@edwardconstruction.co.uk,Edward Construction,Quick idea for Edward Construction,"Hi,

I found Edward Construction while looking at builders in Birmingham. You're set up online, but only a handful of Google reviews showing — usually the main thing holding back where you rank in local search.

I run Voltara Digital — we help Birmingham builders get found online and turn more of those Google searches into booked jobs: a clean website, a stronger Google profile, and a bit of AI automation to chase reviews and answer enquiries automatically.

Worth a quick 10-minute call to show you exactly what I'd change? I'll put together a free audit either way.

Cheers,
Billy
Voltara Digital

P.S. If this isn't relevant just reply ""no thanks"" and I won't follow up."
info@lotabuilders.co.uk,Lota Builders & Co Ltd,Quick idea for Lota Builders & Co Ltd,"Hi,

I found Lota Builders & Co Ltd while looking at builders in Birmingham. You're set up online, but only a handful of Google reviews showing — usually the main thing holding back where you rank in local search.

I run Voltara Digital — we help Birmingham builders get found online and turn more of those Google searches into booked jobs: a clean website, a stronger Google profile, and a bit of AI automation to chase reviews and answer enquiries automatically.

Worth a quick 10-minute call to show you exactly what I'd change? I'll put together a free audit either way.

Cheers,
Billy
Voltara Digital

P.S. If this isn't relevant just reply ""no thanks"" and I won't follow up."
genieroofer@yahoo.com,Aqua Roofing Birmingham,Quick idea for Aqua Roofing Birmingham,"Hi,

I found Aqua Roofing Birmingham while looking at roofers in Birmingham. You're set up online, but only a handful of Google reviews showing — usually the main thing holding back where you rank in local search.

I run Voltara Digital — we help Birmingham roofers get found online and turn more of those Google searches into booked jobs: a clean website, a stronger Google profile, and a bit of AI automation to chase reviews and answer enquiries automatically.

Worth a quick 10-minute call to show you exactly what I'd change? I'll put together a free audit either way.

Cheers,
Billy
Voltara Digital

P.S. If this isn't relevant just reply ""no thanks"" and I won't follow up."
dsroofingspecialist@gmail.com,DS Roofing Specialist,Quick idea for DS Roofing Specialist,"Hi,

I found DS Roofing Specialist while looking at roofers in Birmingham. You're set up online, but only a handful of Google reviews showing — usually the main thing holding back where you rank in local search.

I run Voltara Digital — we help Birmingham roofers get found online and turn more of those Google searches into booked jobs: a clean website, a stronger Google profile, and a bit of AI automation to chase reviews and answer enquiries automatically.

Worth a quick 10-minute call to show you exactly what I'd change? I'll put together a free audit either way.

Cheers,
Billy
Voltara Digital

P.S. If this isn't relevant just reply ""no thanks"" and I won't follow up."
info@moseleygardening.co.uk,P W Gardening & Regular Maintenance,Quick idea for P W Gardening & Regular Maintenance,"Hi,

I found P W Gardening & Regular Maintenance while looking at landscapers in Birmingham. You're set up online, but only a handful of Google reviews showing — usually the main thing holding back where you rank in local search.

I run Voltara Digital — we help Birmingham landscapers get found online and turn more of those Google searches into booked jobs: a clean website, a stronger Google profile, and a bit of AI automation to chase reviews and answer enquiries automatically.

Worth a quick 10-minute call to show you exactly what I'd change? I'll put together a free audit either way.

Cheers,
Billy
Voltara Digital

P.S. If this isn't relevant just reply ""no thanks"" and I won't follow up."
contact@bhamadvancedelectrical.com,Birmingham Advanced Electrical,Quick idea for Birmingham Advanced Electrical,"Hi,

I found Birmingham Advanced Electrical while looking at electricians in Birmingham. You're set up online, but only a handful of Google reviews showing — usually the main thing holding back where you rank in local search.

I run Voltara Digital — we help Birmingham electricians get found online and turn more of those Google searches into booked jobs: a clean website, a stronger Google profile, and a bit of AI automation to chase reviews and answer enquiries automatically.

Worth a quick 10-minute call to show you exactly what I'd change? I'll put together a free audit either way.

Cheers,
Billy
Voltara Digital

P.S. If this isn't relevant just reply ""no thanks"" and I won't follow up."
ron@alsbuildingservices.co.uk,A and L Building Services - Builders Portishead,Quick idea for A and L Building Services - Builders Portishead,"Hi,

I found A and L Building Services - Builders Portishead while looking at builders in Bristol. You're set up online, but only a handful of Google reviews showing — usually the main thing holding back where you rank in local search.

I run Voltara Digital — we help Bristol builders get found online and turn more of those Google searches into booked jobs: a clean website, a stronger Google profile, and a bit of AI automation to chase reviews and answer enquiries automatically.

Worth a quick 10-minute call to show you exactly what I'd change? I'll put together a free audit either way.

Cheers,
Billy
Voltara Digital

P.S. If this isn't relevant just reply ""no thanks"" and I won't follow up."
enquiries@thebuildbristolgroup.com,The Build Bristol Group,Quick idea for The Build Bristol Group,"Hi,

I found The Build Bristol Group while looking at builders in Bristol. You're set up online, but only a handful of Google reviews showing — usually the main thing holding back where you rank in local search.

I run Voltara Digital — we help Bristol builders get found online and turn more of those Google searches into booked jobs: a clean website, a stronger Google profile, and a bit of AI automation to chase reviews and answer enquiries automatically.

Worth a quick 10-minute call to show you exactly what I'd change? I'll put together a free audit either way.

Cheers,
Billy
Voltara Digital

P.S. If this isn't relevant just reply ""no thanks"" and I won't follow up."
info@renovatebristol.co.uk,Renovate Bristol,Quick idea for Renovate Bristol,"Hi,

I found Renovate Bristol while looking at builders in Bristol. You're set up online, but only a handful of Google reviews showing — usually the main thing holding back where you rank in local search.

I run Voltara Digital — we help Bristol builders get found online and turn more of those Google searches into booked jobs: a clean website, a stronger Google profile, and a bit of AI automation to chase reviews and answer enquiries automatically.

Worth a quick 10-minute call to show you exactly what I'd change? I'll put together a free audit either way.

Cheers,
Billy
Voltara Digital

P.S. If this isn't relevant just reply ""no thanks"" and I won't follow up."
alicia@aliciasavagegardens.com,Alicia Savage Gardens,Quick idea for Alicia Savage Gardens,"Hi,

I found Alicia Savage Gardens while looking at landscapers in Bristol. You're set up online, but only a handful of Google reviews showing — usually the main thing holding back where you rank in local search.

I run Voltara Digital — we help Bristol landscapers get found online and turn more of those Google searches into booked jobs: a clean website, a stronger Google profile, and a bit of AI automation to chase reviews and answer enquiries automatically.

Worth a quick 10-minute call to show you exactly what I'd change? I'll put together a free audit either way.

Cheers,
Billy
Voltara Digital

P.S. If this isn't relevant just reply ""no thanks"" and I won't follow up."
beaumontlandscaping@hotmail.com,Beaumont Landscaping,Quick idea for Beaumont Landscaping,"Hi,

I found Beaumont Landscaping while looking at landscapers in Bristol. You're set up online, but only a handful of Google reviews showing — usually the main thing holding back where you rank in local search.

I run Voltara Digital — we help Bristol landscapers get found online and turn more of those Google searches into booked jobs: a clean website, a stronger Google profile, and a bit of AI automation to chase reviews and answer enquiries automatically.

Worth a quick 10-minute call to show you exactly what I'd change? I'll put together a free audit either way.

Cheers,
Billy
Voltara Digital

P.S. If this isn't relevant just reply ""no thanks"" and I won't follow up."
contact@bristolskinclinic.co.uk,Bristol Skin Clinic,Quick idea for Bristol Skin Clinic,"Hi,

I found Bristol Skin Clinic while looking at aesthetic clinics in Bristol. You're set up online, but only a handful of Google reviews showing — usually the main thing holding back where you rank in local search.

I run Voltara Digital — we help Bristol aesthetic clinics get found online and turn more of those Google searches into booked jobs: a clean website, a stronger Google profile, and a bit of AI automation to chase reviews and answer enquiries automatically.

Worth a quick 10-minute call to show you exactly what I'd change? I'll put together a free audit either way.

Cheers,
Billy
Voltara Digital

P.S. If this isn't relevant just reply ""no thanks"" and I won't follow up."
ttsgym@outlook.com,The train station gym Bristol,Quick idea for The train station gym Bristol,"Hi,

I found The train station gym Bristol while looking at gyms in Bristol. You're set up online, but only a handful of Google reviews showing — usually the main thing holding back where you rank in local search.

I run Voltara Digital — we help Bristol gyms get found online and turn more of those Google searches into booked jobs: a clean website, a stronger Google profile, and a bit of AI automation to chase reviews and answer enquiries automatically.

Worth a quick 10-minute call to show you exactly what I'd change? I'll put together a free audit either way.

Cheers,
Billy
Voltara Digital

P.S. If this isn't relevant just reply ""no thanks"" and I won't follow up."
info@powersportsgym.co.uk,Powersports Gym,Quick idea for Powersports Gym,"Hi,

I found Powersports Gym while looking at gyms in Bristol. You're set up online, but only a handful of Google reviews showing — usually the main thing holding back where you rank in local search.

I run Voltara Digital — we help Bristol gyms get found online and turn more of those Google searches into booked jobs: a clean website, a stronger Google profile, and a bit of AI automation to chase reviews and answer enquiries automatically.

Worth a quick 10-minute call to show you exactly what I'd change? I'll put together a free audit either way.

Cheers,
Billy
Voltara Digital

P.S. If this isn't relevant just reply ""no thanks"" and I won't follow up."
info@corrigan.co.uk,Corrigan Accountants,Quick idea for Corrigan Accountants,"Hi,

I found Corrigan Accountants while looking at accountants in Bristol. You're set up online, but only a handful of Google reviews showing — usually the main thing holding back where you rank in local search.

I run Voltara Digital — we help Bristol accountants get found online and turn more of those Google searches into booked jobs: a clean website, a stronger Google profile, and a bit of AI automation to chase reviews and answer enquiries automatically.

Worth a quick 10-minute call to show you exactly what I'd change? I'll put together a free audit either way.

Cheers,
Billy
Voltara Digital

P.S. If this isn't relevant just reply ""no thanks"" and I won't follow up."
bristol@nortonaccountancy.co.uk,Norton Accountancy Ltd,Quick idea for Norton Accountancy Ltd,"Hi,

I found Norton Accountancy Ltd while looking at accountants in Bristol. You're set up online, but only a handful of Google reviews showing — usually the main thing holding back where you rank in local search.

I run Voltara Digital — we help Bristol accountants get found online and turn more of those Google searches into booked jobs: a clean website, a stronger Google profile, and a bit of AI automation to chase reviews and answer enquiries automatically.

Worth a quick 10-minute call to show you exactly what I'd change? I'll put together a free audit either way.

Cheers,
Billy
Voltara Digital

P.S. If this isn't relevant just reply ""no thanks"" and I won't follow up."
hello@henrybanwell.co.uk,Henry & Banwell Chartered Accountants,Quick idea for Henry & Banwell Chartered Accountants,"Hi,

I found Henry & Banwell Chartered Accountants while looking at accountants in Bristol. You're set up online, but only a handful of Google reviews showing — usually the main thing holding back where you rank in local search.

I run Voltara Digital — we help Bristol accountants get found online and turn more of those Google searches into booked jobs: a clean website, a stronger Google profile, and a bit of AI automation to chase reviews and answer enquiries automatically.

Worth a quick 10-minute call to show you exactly what I'd change? I'll put together a free audit either way.

Cheers,
Billy
Voltara Digital

P.S. If this isn't relevant just reply ""no thanks"" and I won't follow up."
info@amdsolicitors.com,AMD Solicitors,Quick idea for AMD Solicitors,"Hi,

I found AMD Solicitors while looking at solicitors in Bristol. You're set up online, but only a handful of Google reviews showing — usually the main thing holding back where you rank in local search.

I run Voltara Digital — we help Bristol solicitors get found online and turn more of those Google searches into booked jobs: a clean website, a stronger Google profile, and a bit of AI automation to chase reviews and answer enquiries automatically.

Worth a quick 10-minute call to show you exactly what I'd change? I'll put together a free audit either way.

Cheers,
Billy
Voltara Digital

P.S. If this isn't relevant just reply ""no thanks"" and I won't follow up."
angiehdriving@gmail.com,AngieH Driving Academy,Quick idea for AngieH Driving Academy,"Hi,

I found AngieH Driving Academy while looking at driving schools in Bristol. You're set up online, but only a handful of Google reviews showing — usually the main thing holding back where you rank in local search.

I run Voltara Digital — we help Bristol driving schools get found online and turn more of those Google searches into booked jobs: a clean website, a stronger Google profile, and a bit of AI automation to chase reviews and answer enquiries automatically.

Worth a quick 10-minute call to show you exactly what I'd change? I'll put together a free audit either way.

Cheers,
Billy
Voltara Digital

P.S. If this isn't relevant just reply ""no thanks"" and I won't follow up."
emmacleaningcompany@gmail.com,Emma Cleaning Company Ltd,Quick idea for Emma Cleaning Company Ltd,"Hi,

I found Emma Cleaning Company Ltd while looking at cleaning companys in Bristol. You're set up online, but only a handful of Google reviews showing — usually the main thing holding back where you rank in local search.

I run Voltara Digital — we help Bristol cleaning companys get found online and turn more of those Google searches into booked jobs: a clean website, a stronger Google profile, and a bit of AI automation to chase reviews and answer enquiries automatically.

Worth a quick 10-minute call to show you exactly what I'd change? I'll put together a free audit either way.

Cheers,
Billy
Voltara Digital

P.S. If this isn't relevant just reply ""no thanks"" and I won't follow up."
info@shinygreen.co.uk,Shiny Green,Quick idea for Shiny Green,"Hi,

I found Shiny Green while looking at cleaning companys in Bristol. You're set up online, but only a handful of Google reviews showing — usually the main thing holding back where you rank in local search.

I run Voltara Digital — we help Bristol cleaning companys get found online and turn more of those Google searches into booked jobs: a clean website, a stronger Google profile, and a bit of AI automation to chase reviews and answer enquiries automatically.

Worth a quick 10-minute call to show you exactly what I'd change? I'll put together a free audit either way.

Cheers,
Billy
Voltara Digital

P.S. If this isn't relevant just reply ""no thanks"" and I won't follow up."
info@jcssouthwest.co.uk,JCS Southwest LTD,Quick idea for JCS Southwest LTD,"Hi,

I found JCS Southwest LTD while looking at cleaning companys in Bristol. You're set up online, but only a handful of Google reviews showing — usually the main thing holding back where you rank in local search.

I run Voltara Digital — we help Bristol cleaning companys get found online and turn more of those Google searches into booked jobs: a clean website, a stronger Google profile, and a bit of AI automation to chase reviews and answer enquiries automatically.

Worth a quick 10-minute call to show you exactly what I'd change? I'll put together a free audit either way.

Cheers,
Billy
Voltara Digital

P.S. If this isn't relevant just reply ""no thanks"" and I won't follow up."
impallari@gmail.com,Roll In Bathrooms Ltd,Quick idea for Roll In Bathrooms Ltd,"Hi,

I found Roll In Bathrooms Ltd while looking at bathroom-fitting businesss in Birmingham. You're set up online, but only a handful of Google reviews showing — usually the main thing holding back where you rank in local search.

I run Voltara Digital — we help Birmingham bathroom-fitting businesss get found online and turn more of those Google searches into booked jobs: a clean website, a stronger Google profile, and a bit of AI automation to chase reviews and answer enquiries automatically.

Worth a quick 10-minute call to show you exactly what I'd change? I'll put together a free audit either way.

Cheers,
Billy
Voltara Digital

P.S. If this isn't relevant just reply ""no thanks"" and I won't follow up."
paulwilson@chbuild.co.uk,Castlehall Building Services,Quick idea for Castlehall Building Services,"Hi,

I found Castlehall Building Services while looking at builders in Birmingham. You're set up online, but only a handful of Google reviews showing — usually the main thing holding back where you rank in local search.

I run Voltara Digital — we help Birmingham builders get found online and turn more of those Google searches into booked jobs: a clean website, a stronger Google profile, and a bit of AI automation to chase reviews and answer enquiries automatically.

Worth a quick 10-minute call to show you exactly what I'd change? I'll put together a free audit either way.

Cheers,
Billy
Voltara Digital

P.S. If this isn't relevant just reply ""no thanks"" and I won't follow up."
brumshieldroofingandbuilding@gmail.com,Brumshield roofing and building,Quick idea for Brumshield roofing and building,"Hi,

I found Brumshield roofing and building while looking at roofers in Birmingham. You're set up online, but only a handful of Google reviews showing — usually the main thing holding back where you rank in local search.

I run Voltara Digital — we help Birmingham roofers get found online and turn more of those Google searches into booked jobs: a clean website, a stronger Google profile, and a bit of AI automation to chase reviews and answer enquiries automatically.

Worth a quick 10-minute call to show you exactly what I'd change? I'll put together a free audit either way.

Cheers,
Billy
Voltara Digital

P.S. If this isn't relevant just reply ""no thanks"" and I won't follow up."
westridgeroofing@hotmail.com,Westridge Roofing Midlands Ltd,Quick idea for Westridge Roofing Midlands Ltd,"Hi,

I found Westridge Roofing Midlands Ltd while looking at roofers in Birmingham. You're set up online, but only a handful of Google reviews showing — usually the main thing holding back where you rank in local search.

I run Voltara Digital — we help Birmingham roofers get found online and turn more of those Google searches into booked jobs: a clean website, a stronger Google profile, and a bit of AI automation to chase reviews and answer enquiries automatically.

Worth a quick 10-minute call to show you exactly what I'd change? I'll put together a free audit either way.

Cheers,
Billy
Voltara Digital

P.S. If this isn't relevant just reply ""no thanks"" and I won't follow up."
sales@milnerlandscapes.com,Milner Landscapes & Construction Ltd,Quick idea for Milner Landscapes & Construction Ltd,"Hi,

I found Milner Landscapes & Construction Ltd while looking at landscapers in Birmingham. You're set up online, but only a handful of Google reviews showing — usually the main thing holding back where you rank in local search.

I run Voltara Digital — we help Birmingham landscapers get found online and turn more of those Google searches into booked jobs: a clean website, a stronger Google profile, and a bit of AI automation to chase reviews and answer enquiries automatically.

Worth a quick 10-minute call to show you exactly what I'd change? I'll put together a free audit either way.

Cheers,
Billy
Voltara Digital

P.S. If this isn't relevant just reply ""no thanks"" and I won't follow up."
webmaster@dimensiondriveways.co.uk,Dimension Driveways Ltd,Quick idea for Dimension Driveways Ltd,"Hi,

I found Dimension Driveways Ltd while looking at driveway & paving companys in Birmingham. You're set up online, but only a handful of Google reviews showing — usually the main thing holding back where you rank in local search.

I run Voltara Digital — we help Birmingham driveway & paving companys get found online and turn more of those Google searches into booked jobs: a clean website, a stronger Google profile, and a bit of AI automation to chase reviews and answer enquiries automatically.

Worth a quick 10-minute call to show you exactly what I'd change? I'll put together a free audit either way.

Cheers,
Billy
Voltara Digital

P.S. If this isn't relevant just reply ""no thanks"" and I won't follow up."
hello@agreed.co.uk,Agreed.co.uk,Quick idea for Agreed.co.uk,"Hi,

I found Agreed.co.uk while looking at estate agents in Birmingham. You're set up online, but only a handful of Google reviews showing — usually the main thing holding back where you rank in local search.

I run Voltara Digital — we help Birmingham estate agents get found online and turn more of those Google searches into booked jobs: a clean website, a stronger Google profile, and a bit of AI automation to chase reviews and answer enquiries automatically.

Worth a quick 10-minute call to show you exactly what I'd change? I'll put together a free audit either way.

Cheers,
Billy
Voltara Digital

P.S. If this isn't relevant just reply ""no thanks"" and I won't follow up."
edgbaston@localagent.co.uk,Open House Edgbaston,Quick idea for Open House Edgbaston,"Hi,

I found Open House Edgbaston while looking at estate agents in Birmingham. You're set up online, but only a handful of Google reviews showing — usually the main thing holding back where you rank in local search.

I run Voltara Digital — we help Birmingham estate agents get found online and turn more of those Google searches into booked jobs: a clean website, a stronger Google profile, and a bit of AI automation to chase reviews and answer enquiries automatically.

Worth a quick 10-minute call to show you exactly what I'd change? I'll put together a free audit either way.

Cheers,
Billy
Voltara Digital

P.S. If this isn't relevant just reply ""no thanks"" and I won't follow up."
info@acmecleaningservices.co.uk,Acme Cleaning Services Ltd,Quick idea for Acme Cleaning Services Ltd,"Hi,

I found Acme Cleaning Services Ltd while looking at cleaning companys in Birmingham. You're set up online, but only a handful of Google reviews showing — usually the main thing holding back where you rank in local search.

I run Voltara Digital — we help Birmingham cleaning companys get found online and turn more of those Google searches into booked jobs: a clean website, a stronger Google profile, and a bit of AI automation to chase reviews and answer enquiries automatically.

Worth a quick 10-minute call to show you exactly what I'd change? I'll put together a free audit either way.

Cheers,
Billy
Voltara Digital

P.S. If this isn't relevant just reply ""no thanks"" and I won't follow up."
paul@paulwhittakerbathrooms.co.uk,Paul Whittaker Bathrooms and Wetrooms,Quick idea for Paul Whittaker Bathrooms and Wetrooms,"Hi,

I found Paul Whittaker Bathrooms and Wetrooms while looking at bathroom-fitting businesss in Bristol. You're set up online, but only a handful of Google reviews showing — usually the main thing holding back where you rank in local search.

I run Voltara Digital — we help Bristol bathroom-fitting businesss get found online and turn more of those Google searches into booked jobs: a clean website, a stronger Google profile, and a bit of AI automation to chase reviews and answer enquiries automatically.

Worth a quick 10-minute call to show you exactly what I'd change? I'll put together a free audit either way.

Cheers,
Billy
Voltara Digital

P.S. If this isn't relevant just reply ""no thanks"" and I won't follow up."
chad@taylormade2uconstruction.co.uk,Taylor Made 2 U Construction - GENERAL BUILDER & PLANT HIRE. Bristol & South Gloucestershire,Quick idea for Taylor Made 2 U Construction - GENERAL BUILDER & PLANT HIRE. Bristol & South Gloucestershire,"Hi,

I found Taylor Made 2 U Construction - GENERAL BUILDER & PLANT HIRE. Bristol & South Gloucestershire while looking at builders in Bristol. You're set up online, but only a handful of Google reviews showing — usually the main thing holding back where you rank in local search.

I run Voltara Digital — we help Bristol builders get found online and turn more of those Google searches into booked jobs: a clean website, a stronger Google profile, and a bit of AI automation to chase reviews and answer enquiries automatically.

Worth a quick 10-minute call to show you exactly what I'd change? I'll put together a free audit either way.

Cheers,
Billy
Voltara Digital

P.S. If this isn't relevant just reply ""no thanks"" and I won't follow up."
info@thecompleteroofingcompany.co.uk,The Complete Roofing Co Ltd,Quick idea for The Complete Roofing Co Ltd,"Hi,

I found The Complete Roofing Co Ltd while looking at roofers in Bristol. You're set up online, but only a handful of Google reviews showing — usually the main thing holding back where you rank in local search.

I run Voltara Digital — we help Bristol roofers get found online and turn more of those Google searches into booked jobs: a clean website, a stronger Google profile, and a bit of AI automation to chase reviews and answer enquiries automatically.

Worth a quick 10-minute call to show you exactly what I'd change? I'll put together a free audit either way.

Cheers,
Billy
Voltara Digital

P.S. If this isn't relevant just reply ""no thanks"" and I won't follow up."
ah@dreroofingltd.uk,Dre Roofing Ltd,Quick idea for Dre Roofing Ltd,"Hi,

I found Dre Roofing Ltd while looking at roofers in Bristol. You're set up online, but only a handful of Google reviews showing — usually the main thing holding back where you rank in local search.

I run Voltara Digital — we help Bristol roofers get found online and turn more of those Google searches into booked jobs: a clean website, a stronger Google profile, and a bit of AI automation to chase reviews and answer enquiries automatically.

Worth a quick 10-minute call to show you exactly what I'd change? I'll put together a free audit either way.

Cheers,
Billy
Voltara Digital

P.S. If this isn't relevant just reply ""no thanks"" and I won't follow up."
pipsgardenservices@outlook.com,Pip's Garden Services,Quick idea for Pip's Garden Services,"Hi,

I found Pip's Garden Services while looking at landscapers in Bristol. You're set up online, but only a handful of Google reviews showing — usually the main thing holding back where you rank in local search.

I run Voltara Digital — we help Bristol landscapers get found online and turn more of those Google searches into booked jobs: a clean website, a stronger Google profile, and a bit of AI automation to chase reviews and answer enquiries automatically.

Worth a quick 10-minute call to show you exactly what I'd change? I'll put together a free audit either way.

Cheers,
Billy
Voltara Digital

P.S. If this isn't relevant just reply ""no thanks"" and I won't follow up."
isaacbroadberry@gmail.com,Isaac Broadberry Electrical,Quick idea for Isaac Broadberry Electrical,"Hi,

I found Isaac Broadberry Electrical while looking at electricians in Bristol. You're set up online, but only a handful of Google reviews showing — usually the main thing holding back where you rank in local search.

I run Voltara Digital — we help Bristol electricians get found online and turn more of those Google searches into booked jobs: a clean website, a stronger Google profile, and a bit of AI automation to chase reviews and answer enquiries automatically.

Worth a quick 10-minute call to show you exactly what I'd change? I'll put together a free audit either way.

Cheers,
Billy
Voltara Digital

P.S. If this isn't relevant just reply ""no thanks"" and I won't follow up."
sales@mietystone.co.uk,Miety Stone Ltd,Quick idea for Miety Stone Ltd,"Hi,

I found Miety Stone Ltd while looking at driveway & paving companys in Bristol. You're set up online, but only a handful of Google reviews showing — usually the main thing holding back where you rank in local search.

I run Voltara Digital — we help Bristol driveway & paving companys get found online and turn more of those Google searches into booked jobs: a clean website, a stronger Google profile, and a bit of AI automation to chase reviews and answer enquiries automatically.

Worth a quick 10-minute call to show you exactly what I'd change? I'll put together a free audit either way.

Cheers,
Billy
Voltara Digital

P.S. If this isn't relevant just reply ""no thanks"" and I won't follow up."
tedsheridan@whiterockaccountancy.co.uk,Whiterock Accountancy,Quick idea for Whiterock Accountancy,"Hi,

I found Whiterock Accountancy while looking at accountants in Bristol. You're set up online, but only a handful of Google reviews showing — usually the main thing holding back where you rank in local search.

I run Voltara Digital — we help Bristol accountants get found online and turn more of those Google searches into booked jobs: a clean website, a stronger Google profile, and a bit of AI automation to chase reviews and answer enquiries automatically.

Worth a quick 10-minute call to show you exactly what I'd change? I'll put together a free audit either way.

Cheers,
Billy
Voltara Digital

P.S. If this isn't relevant just reply ""no thanks"" and I won't follow up."
info@dphlegal.com,DPH Legal Bristol Solicitors,Quick idea for DPH Legal Bristol Solicitors,"Hi,

I found DPH Legal Bristol Solicitors while looking at solicitors in Bristol. You're set up online, but only a handful of Google reviews showing — usually the main thing holding back where you rank in local search.

I run Voltara Digital — we help Bristol solicitors get found online and turn more of those Google searches into booked jobs: a clean website, a stronger Google profile, and a bit of AI automation to chase reviews and answer enquiries automatically.

Worth a quick 10-minute call to show you exactly what I'd change? I'll put together a free audit either way.

Cheers,
Billy
Voltara Digital

P.S. If this isn't relevant just reply ""no thanks"" and I won't follow up."
london@templebright.com,Temple Bright LLP,Quick idea for Temple Bright LLP,"Hi,

I found Temple Bright LLP while looking at solicitors in Bristol. You're set up online, but only a handful of Google reviews showing — usually the main thing holding back where you rank in local search.

I run Voltara Digital — we help Bristol solicitors get found online and turn more of those Google searches into booked jobs: a clean website, a stronger Google profile, and a bit of AI automation to chase reviews and answer enquiries automatically.

Worth a quick 10-minute call to show you exactly what I'd change? I'll put together a free audit either way.

Cheers,
Billy
Voltara Digital

P.S. If this isn't relevant just reply ""no thanks"" and I won't follow up."
helpdesk@fairmortgages.co.uk,Fair Mortgages Ltd,Quick idea for Fair Mortgages Ltd,"Hi,

I found Fair Mortgages Ltd while looking at mortgage brokers in Bristol. You're set up online, but only a handful of Google reviews showing — usually the main thing holding back where you rank in local search.

I run Voltara Digital — we help Bristol mortgage brokers get found online and turn more of those Google searches into booked jobs: a clean website, a stronger Google profile, and a bit of AI automation to chase reviews and answer enquiries automatically.

Worth a quick 10-minute call to show you exactly what I'd change? I'll put together a free audit either way.

Cheers,
Billy
Voltara Digital

P.S. If this isn't relevant just reply ""no thanks"" and I won't follow up."
hello@geckolandscapes.co.uk,Gecko Landscape Solutions,Quick idea for Gecko Landscape Solutions,"Hi,

I found Gecko Landscape Solutions while looking at landscapers in Birmingham. You're set up online, but only a handful of Google reviews showing — usually the main thing holding back where you rank in local search.

I run Voltara Digital — we help Birmingham landscapers get found online and turn more of those Google searches into booked jobs: a clean website, a stronger Google profile, and a bit of AI automation to chase reviews and answer enquiries automatically.

Worth a quick 10-minute call to show you exactly what I'd change? I'll put together a free audit either way.

Cheers,
Billy
Voltara Digital

P.S. If this isn't relevant just reply ""no thanks"" and I won't follow up."
info.skyline.paving@gmail.com,Skyline Paving,Quick idea for Skyline Paving,"Hi,

I found Skyline Paving while looking at driveway & paving companys in Birmingham. You're set up online, but only a handful of Google reviews showing — usually the main thing holding back where you rank in local search.

I run Voltara Digital — we help Birmingham driveway & paving companys get found online and turn more of those Google searches into booked jobs: a clean website, a stronger Google profile, and a bit of AI automation to chase reviews and answer enquiries automatically.

Worth a quick 10-minute call to show you exactly what I'd change? I'll put together a free audit either way.

Cheers,
Billy
Voltara Digital

P.S. If this isn't relevant just reply ""no thanks"" and I won't follow up."
croft.paving@live.co.uk,Croft paving driveways & patios,Quick idea for Croft paving driveways & patios,"Hi,

I found Croft paving driveways & patios while looking at driveway & paving companys in Birmingham. You're set up online, but only a handful of Google reviews showing — usually the main thing holding back where you rank in local search.

I run Voltara Digital — we help Birmingham driveway & paving companys get found online and turn more of those Google searches into booked jobs: a clean website, a stronger Google profile, and a bit of AI automation to chase reviews and answer enquiries automatically.

Worth a quick 10-minute call to show you exactly what I'd change? I'll put together a free audit either way.

Cheers,
Billy
Voltara Digital

P.S. If this isn't relevant just reply ""no thanks"" and I won't follow up."
info@jsamortgages.co.uk,J S Associates,Quick idea for J S Associates,"Hi,

I found J S Associates while looking at mortgage brokers in Birmingham. You're set up online, but only a handful of Google reviews showing — usually the main thing holding back where you rank in local search.

I run Voltara Digital — we help Birmingham mortgage brokers get found online and turn more of those Google searches into booked jobs: a clean website, a stronger Google profile, and a bit of AI automation to chase reviews and answer enquiries automatically.

Worth a quick 10-minute call to show you exactly what I'd change? I'll put together a free audit either way.

Cheers,
Billy
Voltara Digital

P.S. If this isn't relevant just reply ""no thanks"" and I won't follow up."
info@innovativecleaning.co.uk,Commercial Cleaning Services in Birmingham - Office Cleaning - Hotels Cleaning - Gym Cleaning - Innovative Cleaning Services,Quick idea for Commercial Cleaning Services in Birmingham - Office Cleaning - Hotels Cleaning - Gym Cleaning - Innovative Cleaning Services,"Hi,

I found Commercial Cleaning Services in Birmingham - Office Cleaning - Hotels Cleaning - Gym Cleaning - Innovative Cleaning Services while looking at cleaning companys in Birmingham. You're set up online, but only a handful of Google reviews showing — usually the main thing holding back where you rank in local search.

I run Voltara Digital — we help Birmingham cleaning companys get found online and turn more of those Google searches into booked jobs: a clean website, a stronger Google profile, and a bit of AI automation to chase reviews and answer enquiries automatically.

Worth a quick 10-minute call to show you exactly what I'd change? I'll put together a free audit either way.

Cheers,
Billy
Voltara Digital

P.S. If this isn't relevant just reply ""no thanks"" and I won't follow up."
moseleyhomeclean@gmail.com,Moseley Home Cleaning Services (Birmingham) Bright & Beautiful,Quick idea for Moseley Home Cleaning Services (Birmingham) Bright & Beautiful,"Hi,

I found Moseley Home Cleaning Services (Birmingham) Bright & Beautiful while looking at cleaning companys in Birmingham. You're set up online, but only a handful of Google reviews showing — usually the main thing holding back where you rank in local search.

I run Voltara Digital — we help Birmingham cleaning companys get found online and turn more of those Google searches into booked jobs: a clean website, a stronger Google profile, and a bit of AI automation to chase reviews and answer enquiries automatically.

Worth a quick 10-minute call to show you exactly what I'd change? I'll put together a free audit either way.

Cheers,
Billy
Voltara Digital

P.S. If this isn't relevant just reply ""no thanks"" and I won't follow up."
info@downsbrothers.co.uk,Downs Brothers - Kitchen and Bathroom Designers,Quick idea for Downs Brothers - Kitchen and Bathroom Designers,"Hi,

I found Downs Brothers - Kitchen and Bathroom Designers while looking at kitchen-fitting businesss in Bristol. You're set up online, but only a handful of Google reviews showing — usually the main thing holding back where you rank in local search.

I run Voltara Digital — we help Bristol kitchen-fitting businesss get found online and turn more of those Google searches into booked jobs: a clean website, a stronger Google profile, and a bit of AI automation to chase reviews and answer enquiries automatically.

Worth a quick 10-minute call to show you exactly what I'd change? I'll put together a free audit either way.

Cheers,
Billy
Voltara Digital

P.S. If this isn't relevant just reply ""no thanks"" and I won't follow up."
mike.ogborne@blueyonder.co.uk,Dreams to Realisation - Bathroom Installation Bristol,Quick idea for Dreams to Realisation - Bathroom Installation Bristol,"Hi,

I found Dreams to Realisation - Bathroom Installation Bristol while looking at bathroom-fitting businesss in Bristol. You're set up online, but only a handful of Google reviews showing — usually the main thing holding back where you rank in local search.

I run Voltara Digital — we help Bristol bathroom-fitting businesss get found online and turn more of those Google searches into booked jobs: a clean website, a stronger Google profile, and a bit of AI automation to chase reviews and answer enquiries automatically.

Worth a quick 10-minute call to show you exactly what I'd change? I'll put together a free audit either way.

Cheers,
Billy
Voltara Digital

P.S. If this isn't relevant just reply ""no thanks"" and I won't follow up."
bathroomvision@gmail.com,Bathroom Vision,Quick idea for Bathroom Vision,"Hi,

I found Bathroom Vision while looking at bathroom-fitting businesss in Bristol. You're set up online, but only a handful of Google reviews showing — usually the main thing holding back where you rank in local search.

I run Voltara Digital — we help Bristol bathroom-fitting businesss get found online and turn more of those Google searches into booked jobs: a clean website, a stronger Google profile, and a bit of AI automation to chase reviews and answer enquiries automatically.

Worth a quick 10-minute call to show you exactly what I'd change? I'll put together a free audit either way.

Cheers,
Billy
Voltara Digital

P.S. If this isn't relevant just reply ""no thanks"" and I won't follow up."
info@brightgreenfutures.co.uk,Bright Green Futures,Quick idea for Bright Green Futures,"Hi,

I found Bright Green Futures while looking at builders in Bristol. You're set up online, but only a handful of Google reviews showing — usually the main thing holding back where you rank in local search.

I run Voltara Digital — we help Bristol builders get found online and turn more of those Google searches into booked jobs: a clean website, a stronger Google profile, and a bit of AI automation to chase reviews and answer enquiries automatically.

Worth a quick 10-minute call to show you exactly what I'd change? I'll put together a free audit either way.

Cheers,
Billy
Voltara Digital

P.S. If this isn't relevant just reply ""no thanks"" and I won't follow up."
eandmlandscapesltd@gmail.com,E & M Landscapes,Quick idea for E & M Landscapes,"Hi,

I found E & M Landscapes while looking at landscapers in Bristol. You're set up online, but only a handful of Google reviews showing — usually the main thing holding back where you rank in local search.

I run Voltara Digital — we help Bristol landscapers get found online and turn more of those Google searches into booked jobs: a clean website, a stronger Google profile, and a bit of AI automation to chase reviews and answer enquiries automatically.

Worth a quick 10-minute call to show you exactly what I'd change? I'll put together a free audit either way.

Cheers,
Billy
Voltara Digital

P.S. If this isn't relevant just reply ""no thanks"" and I won't follow up."
info@flogardendesignandbuild.co.uk,Flo Garden Design and Build,Quick idea for Flo Garden Design and Build,"Hi,

I found Flo Garden Design and Build while looking at landscapers in Bristol. You're set up online, but only a handful of Google reviews showing — usually the main thing holding back where you rank in local search.

I run Voltara Digital — we help Bristol landscapers get found online and turn more of those Google searches into booked jobs: a clean website, a stronger Google profile, and a bit of AI automation to chase reviews and answer enquiries automatically.

Worth a quick 10-minute call to show you exactly what I'd change? I'll put together a free audit either way.

Cheers,
Billy
Voltara Digital

P.S. If this isn't relevant just reply ""no thanks"" and I won't follow up."
josephverardi@sbcglobal.net,J V Landscaping LLC,Quick idea for J V Landscaping LLC,"Hi,

I found J V Landscaping LLC while looking at landscapers in Bristol. You're set up online, but only a handful of Google reviews showing — usually the main thing holding back where you rank in local search.

I run Voltara Digital — we help Bristol landscapers get found online and turn more of those Google searches into booked jobs: a clean website, a stronger Google profile, and a bit of AI automation to chase reviews and answer enquiries automatically.

Worth a quick 10-minute call to show you exactly what I'd change? I'll put together a free audit either way.

Cheers,
Billy
Voltara Digital

P.S. If this isn't relevant just reply ""no thanks"" and I won't follow up."
annawilks71@outlook.com,Anna the Gardener,Quick idea for Anna the Gardener,"Hi,

I found Anna the Gardener while looking at landscapers in Bristol. You're set up online, but only a handful of Google reviews showing — usually the main thing holding back where you rank in local search.

I run Voltara Digital — we help Bristol landscapers get found online and turn more of those Google searches into booked jobs: a clean website, a stronger Google profile, and a bit of AI automation to chase reviews and answer enquiries automatically.

Worth a quick 10-minute call to show you exactly what I'd change? I'll put together a free audit either way.

Cheers,
Billy
Voltara Digital

P.S. If this isn't relevant just reply ""no thanks"" and I won't follow up."
justin.aztec@hotmail.com,Aztec Paving ltd,Quick idea for Aztec Paving ltd,"Hi,

I found Aztec Paving ltd while looking at driveway & paving companys in Bristol. You're set up online, but only a handful of Google reviews showing — usually the main thing holding back where you rank in local search.

I run Voltara Digital — we help Bristol driveway & paving companys get found online and turn more of those Google searches into booked jobs: a clean website, a stronger Google profile, and a bit of AI automation to chase reviews and answer enquiries automatically.

Worth a quick 10-minute call to show you exactly what I'd change? I'll put together a free audit either way.

Cheers,
Billy
Voltara Digital

P.S. If this isn't relevant just reply ""no thanks"" and I won't follow up."
team@lawes.co.uk,Lawes & Co,Quick idea for Lawes & Co,"Hi,

I found Lawes & Co while looking at accountants in Bristol. You're set up online, but only a handful of Google reviews showing — usually the main thing holding back where you rank in local search.

I run Voltara Digital — we help Bristol accountants get found online and turn more of those Google searches into booked jobs: a clean website, a stronger Google profile, and a bit of AI automation to chase reviews and answer enquiries automatically.

Worth a quick 10-minute call to show you exactly what I'd change? I'll put together a free audit either way.

Cheers,
Billy
Voltara Digital

P.S. If this isn't relevant just reply ""no thanks"" and I won't follow up."
enquiries@lyonslaw.co.uk,Lyons Solicitors - Kingswood,Quick idea for Lyons Solicitors - Kingswood,"Hi,

I found Lyons Solicitors - Kingswood while looking at solicitors in Bristol. You're set up online, but only a handful of Google reviews showing — usually the main thing holding back where you rank in local search.

I run Voltara Digital — we help Bristol solicitors get found online and turn more of those Google searches into booked jobs: a clean website, a stronger Google profile, and a bit of AI automation to chase reviews and answer enquiries automatically.

Worth a quick 10-minute call to show you exactly what I'd change? I'll put together a free audit either way.

Cheers,
Billy
Voltara Digital

P.S. If this isn't relevant just reply ""no thanks"" and I won't follow up."
info@bown2pass.co.uk,Bown 2 Pass Driving Tuition,Quick idea for Bown 2 Pass Driving Tuition,"Hi,

I found Bown 2 Pass Driving Tuition while looking at driving schools in Bristol. You're set up online, but only a handful of Google reviews showing — usually the main thing holding back where you rank in local search.

I run Voltara Digital — we help Bristol driving schools get found online and turn more of those Google searches into booked jobs: a clean website, a stronger Google profile, and a bit of AI automation to chase reviews and answer enquiries automatically.

Worth a quick 10-minute call to show you exactly what I'd change? I'll put together a free audit either way.

Cheers,
Billy
Voltara Digital

P.S. If this isn't relevant just reply ""no thanks"" and I won't follow up."
sales@cbees.co.uk,Clean Bees Cleaning,Quick idea for Clean Bees Cleaning,"Hi,

I found Clean Bees Cleaning while looking at cleaning companys in Bristol. You're set up online, but only a handful of Google reviews showing — usually the main thing holding back where you rank in local search.

I run Voltara Digital — we help Bristol cleaning companys get found online and turn more of those Google searches into booked jobs: a clean website, a stronger Google profile, and a bit of AI automation to chase reviews and answer enquiries automatically.

Worth a quick 10-minute call to show you exactly what I'd change? I'll put together a free audit either way.

Cheers,
Billy
Voltara Digital

P.S. If this isn't relevant just reply ""no thanks"" and I won't follow up."
info@ironwoodbuild.com,"Ironwood Homes, LLC","Quick idea for Ironwood Homes, LLC","Hi,

I found Ironwood Homes, LLC while looking at builders in Birmingham. You're set up online, but only a handful of Google reviews showing — usually the main thing holding back where you rank in local search.

I run Voltara Digital — we help Birmingham builders get found online and turn more of those Google searches into booked jobs: a clean website, a stronger Google profile, and a bit of AI automation to chase reviews and answer enquiries automatically.

Worth a quick 10-minute call to show you exactly what I'd change? I'll put together a free audit either way.

Cheers,
Billy
Voltara Digital

P.S. If this isn't relevant just reply ""no thanks"" and I won't follow up."
burkeconstructionservicesltd@gmail.com,Burke Construction Services,Quick idea for Burke Construction Services,"Hi,

I found Burke Construction Services while looking at builders in Birmingham. You're set up online, but only a handful of Google reviews showing — usually the main thing holding back where you rank in local search.

I run Voltara Digital — we help Birmingham builders get found online and turn more of those Google searches into booked jobs: a clean website, a stronger Google profile, and a bit of AI automation to chase reviews and answer enquiries automatically.

Worth a quick 10-minute call to show you exactly what I'd change? I'll put together a free audit either way.

Cheers,
Billy
Voltara Digital

P.S. If this isn't relevant just reply ""no thanks"" and I won't follow up."
info@mybbuilders.co.uk,MYB BUILDERS LTD,Quick idea for MYB BUILDERS LTD,"Hi,

I found MYB BUILDERS LTD while looking at builders in Birmingham. You're set up online, but only a handful of Google reviews showing — usually the main thing holding back where you rank in local search.

I run Voltara Digital — we help Birmingham builders get found online and turn more of those Google searches into booked jobs: a clean website, a stronger Google profile, and a bit of AI automation to chase reviews and answer enquiries automatically.

Worth a quick 10-minute call to show you exactly what I'd change? I'll put together a free audit either way.

Cheers,
Billy
Voltara Digital

P.S. If this isn't relevant just reply ""no thanks"" and I won't follow up."
info@roofersandbuilders.co.uk,C R Roofing - Roof Repairs in Birmingham,Quick idea for C R Roofing - Roof Repairs in Birmingham,"Hi,

I found C R Roofing - Roof Repairs in Birmingham while looking at roofers in Birmingham. You're set up online, but only a handful of Google reviews showing — usually the main thing holding back where you rank in local search.

I run Voltara Digital — we help Birmingham roofers get found online and turn more of those Google searches into booked jobs: a clean website, a stronger Google profile, and a bit of AI automation to chase reviews and answer enquiries automatically.

Worth a quick 10-minute call to show you exactly what I'd change? I'll put together a free audit either way.

Cheers,
Billy
Voltara Digital

P.S. If this isn't relevant just reply ""no thanks"" and I won't follow up."
info@birminghamindustrialroofing.co.uk,Birmingham Industrial Roofing,Quick idea for Birmingham Industrial Roofing,"Hi,

I found Birmingham Industrial Roofing while looking at roofers in Birmingham. You're set up online, but only a handful of Google reviews showing — usually the main thing holding back where you rank in local search.

I run Voltara Digital — we help Birmingham roofers get found online and turn more of those Google searches into booked jobs: a clean website, a stronger Google profile, and a bit of AI automation to chase reviews and answer enquiries automatically.

Worth a quick 10-minute call to show you exactly what I'd change? I'll put together a free audit either way.

Cheers,
Billy
Voltara Digital

P.S. If this isn't relevant just reply ""no thanks"" and I won't follow up."
info@wseeltd.com,Ws Electrical engineering,Quick idea for Ws Electrical engineering,"Hi,

I found Ws Electrical engineering while looking at electricians in Birmingham. You're set up online, but only a handful of Google reviews showing — usually the main thing holding back where you rank in local search.

I run Voltara Digital — we help Birmingham electricians get found online and turn more of those Google searches into booked jobs: a clean website, a stronger Google profile, and a bit of AI automation to chase reviews and answer enquiries automatically.

Worth a quick 10-minute call to show you exactly what I'd change? I'll put together a free audit either way.

Cheers,
Billy
Voltara Digital

P.S. If this isn't relevant just reply ""no thanks"" and I won't follow up."
enquiries@prestigious-driveways.co.uk,Prestigious Driveways,Quick idea for Prestigious Driveways,"Hi,

I found Prestigious Driveways while looking at driveway & paving companys in Birmingham. You're set up online, but only a handful of Google reviews showing — usually the main thing holding back where you rank in local search.

I run Voltara Digital — we help Birmingham driveway & paving companys get found online and turn more of those Google searches into booked jobs: a clean website, a stronger Google profile, and a bit of AI automation to chase reviews and answer enquiries automatically.

Worth a quick 10-minute call to show you exactly what I'd change? I'll put together a free audit either way.

Cheers,
Billy
Voltara Digital

P.S. If this isn't relevant just reply ""no thanks"" and I won't follow up."
pkfitnessbham@gmai.com,PK FITNESS LLC,Quick idea for PK FITNESS LLC,"Hi,

I found PK FITNESS LLC while looking at personal training businesss in Birmingham. You're set up online, but only a handful of Google reviews showing — usually the main thing holding back where you rank in local search.

I run Voltara Digital — we help Birmingham personal training businesss get found online and turn more of those Google searches into booked jobs: a clean website, a stronger Google profile, and a bit of AI automation to chase reviews and answer enquiries automatically.

Worth a quick 10-minute call to show you exactly what I'd change? I'll put together a free audit either way.

Cheers,
Billy
Voltara Digital

P.S. If this isn't relevant just reply ""no thanks"" and I won't follow up."
info@alifandco.co.uk,Alif & Co Chartered Accountants,Quick idea for Alif & Co Chartered Accountants,"Hi,

I found Alif & Co Chartered Accountants while looking at accountants in Birmingham. You're set up online, but only a handful of Google reviews showing — usually the main thing holding back where you rank in local search.

I run Voltara Digital — we help Birmingham accountants get found online and turn more of those Google searches into booked jobs: a clean website, a stronger Google profile, and a bit of AI automation to chase reviews and answer enquiries automatically.

Worth a quick 10-minute call to show you exactly what I'd change? I'll put together a free audit either way.

Cheers,
Billy
Voltara Digital

P.S. If this isn't relevant just reply ""no thanks"" and I won't follow up."
info@thetaxman.co.uk,HM Accountants,Quick idea for HM Accountants,"Hi,

I found HM Accountants while looking at accountants in Birmingham. You're set up online, but only a handful of Google reviews showing — usually the main thing holding back where you rank in local search.

I run Voltara Digital — we help Birmingham accountants get found online and turn more of those Google searches into booked jobs: a clean website, a stronger Google profile, and a bit of AI automation to chase reviews and answer enquiries automatically.

Worth a quick 10-minute call to show you exactly what I'd change? I'll put together a free audit either way.

Cheers,
Billy
Voltara Digital

P.S. If this isn't relevant just reply ""no thanks"" and I won't follow up."
sales@maxwhit.co.uk,MaxWhit Services Ltd: Cleaning Services,Quick idea for MaxWhit Services Ltd: Cleaning Services,"Hi,

I found MaxWhit Services Ltd: Cleaning Services while looking at cleaning companys in Birmingham. You're set up online, but only a handful of Google reviews showing — usually the main thing holding back where you rank in local search.

I run Voltara Digital — we help Birmingham cleaning companys get found online and turn more of those Google searches into booked jobs: a clean website, a stronger Google profile, and a bit of AI automation to chase reviews and answer enquiries automatically.

Worth a quick 10-minute call to show you exactly what I'd change? I'll put together a free audit either way.

Cheers,
Billy
Voltara Digital

P.S. If this isn't relevant just reply ""no thanks"" and I won't follow up."
space@kwboffice.com,KWB Corporate Cleaning,Quick idea for KWB Corporate Cleaning,"Hi,

I found KWB Corporate Cleaning while looking at cleaning companys in Birmingham. You're set up online, but only a handful of Google reviews showing — usually the main thing holding back where you rank in local search.

I run Voltara Digital — we help Birmingham cleaning companys get found online and turn more of those Google searches into booked jobs: a clean website, a stronger Google profile, and a bit of AI automation to chase reviews and answer enquiries automatically.

Worth a quick 10-minute call to show you exactly what I'd change? I'll put together a free audit either way.

Cheers,
Billy
Voltara Digital

P.S. If this isn't relevant just reply ""no thanks"" and I won't follow up."
steve@swwrenbuildingservices.co.uk,S W Wren Building Services Ltd,Quick idea for S W Wren Building Services Ltd,"Hi,

I found S W Wren Building Services Ltd while looking at builders in Bristol. You're set up online, but only a handful of Google reviews showing — usually the main thing holding back where you rank in local search.

I run Voltara Digital — we help Bristol builders get found online and turn more of those Google searches into booked jobs: a clean website, a stronger Google profile, and a bit of AI automation to chase reviews and answer enquiries automatically.

Worth a quick 10-minute call to show you exactly what I'd change? I'll put together a free audit either way.

Cheers,
Billy
Voltara Digital

P.S. If this isn't relevant just reply ""no thanks"" and I won't follow up."
info@theroofingcompanybristol.co.uk,The Roofing Company (Bristol) Ltd,Quick idea for The Roofing Company (Bristol) Ltd,"Hi,

I found The Roofing Company (Bristol) Ltd while looking at roofers in Bristol. You're set up online, but only a handful of Google reviews showing — usually the main thing holding back where you rank in local search.

I run Voltara Digital — we help Bristol roofers get found online and turn more of those Google searches into booked jobs: a clean website, a stronger Google profile, and a bit of AI automation to chase reviews and answer enquiries automatically.

Worth a quick 10-minute call to show you exactly what I'd change? I'll put together a free audit either way.

Cheers,
Billy
Voltara Digital

P.S. If this isn't relevant just reply ""no thanks"" and I won't follow up."
briscapesit@me.com,Custom Grounds Landscaping,Quick idea for Custom Grounds Landscaping,"Hi,

I found Custom Grounds Landscaping while looking at landscapers in Bristol. You're set up online, but only a handful of Google reviews showing — usually the main thing holding back where you rank in local search.

I run Voltara Digital — we help Bristol landscapers get found online and turn more of those Google searches into booked jobs: a clean website, a stronger Google profile, and a bit of AI automation to chase reviews and answer enquiries automatically.

Worth a quick 10-minute call to show you exactly what I'd change? I'll put together a free audit either way.

Cheers,
Billy
Voltara Digital

P.S. If this isn't relevant just reply ""no thanks"" and I won't follow up."
info@smartplumbingheatingbristol.co.uk,Smart Heating Bristol | Plumber Bristol,Quick idea for Smart Heating Bristol | Plumber Bristol,"Hi,

I found Smart Heating Bristol | Plumber Bristol while looking at plumbers in Bristol. You're set up online, but only a handful of Google reviews showing — usually the main thing holding back where you rank in local search.

I run Voltara Digital — we help Bristol plumbers get found online and turn more of those Google searches into booked jobs: a clean website, a stronger Google profile, and a bit of AI automation to chase reviews and answer enquiries automatically.

Worth a quick 10-minute call to show you exactly what I'd change? I'll put together a free audit either way.

Cheers,
Billy
Voltara Digital

P.S. If this isn't relevant just reply ""no thanks"" and I won't follow up."
info@localgrowthsystems.co.uk,SJD PLUMBING LTD,Quick idea for SJD PLUMBING LTD,"Hi,

I found SJD PLUMBING LTD while looking at plumbers in Bristol. You're set up online, but only a handful of Google reviews showing — usually the main thing holding back where you rank in local search.

I run Voltara Digital — we help Bristol plumbers get found online and turn more of those Google searches into booked jobs: a clean website, a stronger Google profile, and a bit of AI automation to chase reviews and answer enquiries automatically.

Worth a quick 10-minute call to show you exactly what I'd change? I'll put together a free audit either way.

Cheers,
Billy
Voltara Digital

P.S. If this isn't relevant just reply ""no thanks"" and I won't follow up."
hayattdriveways@gmail.com,Hayatt Driveways,Quick idea for Hayatt Driveways,"Hi,

I found Hayatt Driveways while looking at driveway & paving companys in Bristol. You're set up online, but only a handful of Google reviews showing — usually the main thing holding back where you rank in local search.

I run Voltara Digital — we help Bristol driveway & paving companys get found online and turn more of those Google searches into booked jobs: a clean website, a stronger Google profile, and a bit of AI automation to chase reviews and answer enquiries automatically.

Worth a quick 10-minute call to show you exactly what I'd change? I'll put together a free audit either way.

Cheers,
Billy
Voltara Digital

P.S. If this isn't relevant just reply ""no thanks"" and I won't follow up."
jake@rjsurfacing.co.uk,RJ Surfacing Ltd,Quick idea for RJ Surfacing Ltd,"Hi,

I found RJ Surfacing Ltd while looking at driveway & paving companys in Bristol. You're set up online, but only a handful of Google reviews showing — usually the main thing holding back where you rank in local search.

I run Voltara Digital — we help Bristol driveway & paving companys get found online and turn more of those Google searches into booked jobs: a clean website, a stronger Google profile, and a bit of AI automation to chase reviews and answer enquiries automatically.

Worth a quick 10-minute call to show you exactly what I'd change? I'll put together a free audit either way.

Cheers,
Billy
Voltara Digital

P.S. If this isn't relevant just reply ""no thanks"" and I won't follow up."
info@lastingimpressionsbristol.co.uk,Lasting Impressions Surfaces and Services Ltd,Quick idea for Lasting Impressions Surfaces and Services Ltd,"Hi,

I found Lasting Impressions Surfaces and Services Ltd while looking at driveway & paving companys in Bristol. You're set up online, but only a handful of Google reviews showing — usually the main thing holding back where you rank in local search.

I run Voltara Digital — we help Bristol driveway & paving companys get found online and turn more of those Google searches into booked jobs: a clean website, a stronger Google profile, and a bit of AI automation to chase reviews and answer enquiries automatically.

Worth a quick 10-minute call to show you exactly what I'd change? I'll put together a free audit either way.

Cheers,
Billy
Voltara Digital

P.S. If this isn't relevant just reply ""no thanks"" and I won't follow up."
info@redwoodlandscapesbristol.co.uk,Redwood Landscapes Southwest Ltd,Quick idea for Redwood Landscapes Southwest Ltd,"Hi,

I found Redwood Landscapes Southwest Ltd while looking at driveway & paving companys in Bristol. You're set up online, but only a handful of Google reviews showing — usually the main thing holding back where you rank in local search.

I run Voltara Digital — we help Bristol driveway & paving companys get found online and turn more of those Google searches into booked jobs: a clean website, a stronger Google profile, and a bit of AI automation to chase reviews and answer enquiries automatically.

Worth a quick 10-minute call to show you exactly what I'd change? I'll put together a free audit either way.

Cheers,
Billy
Voltara Digital

P.S. If this isn't relevant just reply ""no thanks"" and I won't follow up."
coachingwithjk@hotmail.com,Coaching With JK - Personal Trainer/Online Coach,Quick idea for Coaching With JK - Personal Trainer/Online Coach,"Hi,

I found Coaching With JK - Personal Trainer/Online Coach while looking at personal training businesss in Bristol. You're set up online, but only a handful of Google reviews showing — usually the main thing holding back where you rank in local search.

I run Voltara Digital — we help Bristol personal training businesss get found online and turn more of those Google searches into booked jobs: a clean website, a stronger Google profile, and a bit of AI automation to chase reviews and answer enquiries automatically.

Worth a quick 10-minute call to show you exactly what I'd change? I'll put together a free audit either way.

Cheers,
Billy
Voltara Digital

P.S. If this isn't relevant just reply ""no thanks"" and I won't follow up."
andrew@fitnessforlifegyms.co.uk,Fitness for Life Ltd.,Quick idea for Fitness for Life Ltd.,"Hi,

I found Fitness for Life Ltd. while looking at personal training businesss in Bristol. You're set up online, but only a handful of Google reviews showing — usually the main thing holding back where you rank in local search.

I run Voltara Digital — we help Bristol personal training businesss get found online and turn more of those Google searches into booked jobs: a clean website, a stronger Google profile, and a bit of AI automation to chase reviews and answer enquiries automatically.

Worth a quick 10-minute call to show you exactly what I'd change? I'll put together a free audit either way.

Cheers,
Billy
Voltara Digital

P.S. If this isn't relevant just reply ""no thanks"" and I won't follow up."
contact@ukexpatmortgage.com,UK Expat Mortgage,Quick idea for UK Expat Mortgage,"Hi,

I found UK Expat Mortgage while looking at mortgage brokers in Bristol. You're set up online, but only a handful of Google reviews showing — usually the main thing holding back where you rank in local search.

I run Voltara Digital — we help Bristol mortgage brokers get found online and turn more of those Google searches into booked jobs: a clean website, a stronger Google profile, and a bit of AI automation to chase reviews and answer enquiries automatically.

Worth a quick 10-minute call to show you exactly what I'd change? I'll put together a free audit either way.

Cheers,
Billy
Voltara Digital

P.S. If this isn't relevant just reply ""no thanks"" and I won't follow up."
andy_pow@hotmail.com,Pow School of Motoring,Quick idea for Pow School of Motoring,"Hi,

I found Pow School of Motoring while looking at driving schools in Bristol. You're set up online, but only a handful of Google reviews showing — usually the main thing holding back where you rank in local search.

I run Voltara Digital — we help Bristol driving schools get found online and turn more of those Google searches into booked jobs: a clean website, a stronger Google profile, and a bit of AI automation to chase reviews and answer enquiries automatically.

Worth a quick 10-minute call to show you exactly what I'd change? I'll put together a free audit either way.

Cheers,
Billy
Voltara Digital

P.S. If this isn't relevant just reply ""no thanks"" and I won't follow up."
support@schedulista.com,Newmans Driving School,Quick idea for Newmans Driving School,"Hi,

I found Newmans Driving School while looking at driving schools in Bristol. You're set up online, but only a handful of Google reviews showing — usually the main thing holding back where you rank in local search.

I run Voltara Digital — we help Bristol driving schools get found online and turn more of those Google searches into booked jobs: a clean website, a stronger Google profile, and a bit of AI automation to chase reviews and answer enquiries automatically.

Worth a quick 10-minute call to show you exactly what I'd change? I'll put together a free audit either way.

Cheers,
Billy
Voltara Digital

P.S. If this isn't relevant just reply ""no thanks"" and I won't follow up."
bristol@minstercleaning.co.uk,Minster Cleaning Bristol,Quick idea for Minster Cleaning Bristol,"Hi,

I found Minster Cleaning Bristol while looking at cleaning companys in Bristol. You're set up online, but only a handful of Google reviews showing — usually the main thing holding back where you rank in local search.

I run Voltara Digital — we help Bristol cleaning companys get found online and turn more of those Google searches into booked jobs: a clean website, a stronger Google profile, and a bit of AI automation to chase reviews and answer enquiries automatically.

Worth a quick 10-minute call to show you exactly what I'd change? I'll put together a free audit either way.

Cheers,
Billy
Voltara Digital

P.S. If this isn't relevant just reply ""no thanks"" and I won't follow up."
info@matthewjameskitchens.co.uk,Matthew James Kitchens Birmingham,Quick idea for Matthew James Kitchens Birmingham,"Hi,

I found Matthew James Kitchens Birmingham while looking at kitchen-fitting businesss in Birmingham. You're set up online, but only a handful of Google reviews showing — usually the main thing holding back where you rank in local search.

I run Voltara Digital — we help Birmingham kitchen-fitting businesss get found online and turn more of those Google searches into booked jobs: a clean website, a stronger Google profile, and a bit of AI automation to chase reviews and answer enquiries automatically.

Worth a quick 10-minute call to show you exactly what I'd change? I'll put together a free audit either way.

Cheers,
Billy
Voltara Digital

P.S. If this isn't relevant just reply ""no thanks"" and I won't follow up."
info@1stchoiceroofers.uk,1st Choice Roofers,Quick idea for 1st Choice Roofers,"Hi,

I found 1st Choice Roofers while looking at roofers in Birmingham. You're set up online, but only a handful of Google reviews showing — usually the main thing holding back where you rank in local search.

I run Voltara Digital — we help Birmingham roofers get found online and turn more of those Google searches into booked jobs: a clean website, a stronger Google profile, and a bit of AI automation to chase reviews and answer enquiries automatically.

Worth a quick 10-minute call to show you exactly what I'd change? I'll put together a free audit either way.

Cheers,
Billy
Voltara Digital

P.S. If this isn't relevant just reply ""no thanks"" and I won't follow up."
info@armstrongelectricalco.com,Armstrong Electrical Contractors,Quick idea for Armstrong Electrical Contractors,"Hi,

I found Armstrong Electrical Contractors while looking at electricians in Birmingham. You're set up online, but only a handful of Google reviews showing — usually the main thing holding back where you rank in local search.

I run Voltara Digital — we help Birmingham electricians get found online and turn more of those Google searches into booked jobs: a clean website, a stronger Google profile, and a bit of AI automation to chase reviews and answer enquiries automatically.

Worth a quick 10-minute call to show you exactly what I'd change? I'll put together a free audit either way.

Cheers,
Billy
Voltara Digital

P.S. If this isn't relevant just reply ""no thanks"" and I won't follow up."
info@sayfelectricalservices.co.uk,SAYF ELECTRICAL SERVICES,Quick idea for SAYF ELECTRICAL SERVICES,"Hi,

I found SAYF ELECTRICAL SERVICES while looking at electricians in Birmingham. You're set up online, but only a handful of Google reviews showing — usually the main thing holding back where you rank in local search.

I run Voltara Digital — we help Birmingham electricians get found online and turn more of those Google searches into booked jobs: a clean website, a stronger Google profile, and a bit of AI automation to chase reviews and answer enquiries automatically.

Worth a quick 10-minute call to show you exactly what I'd change? I'll put together a free audit either way.

Cheers,
Billy
Voltara Digital

P.S. If this isn't relevant just reply ""no thanks"" and I won't follow up."
sewey_powerlifter@hotmail.com,PT Sewey,Quick idea for PT Sewey,"Hi,

I found PT Sewey while looking at personal training businesss in Birmingham. You're set up online, but only a handful of Google reviews showing — usually the main thing holding back where you rank in local search.

I run Voltara Digital — we help Birmingham personal training businesss get found online and turn more of those Google searches into booked jobs: a clean website, a stronger Google profile, and a bit of AI automation to chase reviews and answer enquiries automatically.

Worth a quick 10-minute call to show you exactly what I'd change? I'll put together a free audit either way.

Cheers,
Billy
Voltara Digital

P.S. If this isn't relevant just reply ""no thanks"" and I won't follow up."
support@cattery001.co.uk,The Birmingham Boutique Cattery,Quick idea for The Birmingham Boutique Cattery,"Hi,

I found The Birmingham Boutique Cattery while looking at vets in Birmingham. You're set up online, but only a handful of Google reviews showing — usually the main thing holding back where you rank in local search.

I run Voltara Digital — we help Birmingham vets get found online and turn more of those Google searches into booked jobs: a clean website, a stronger Google profile, and a bit of AI automation to chase reviews and answer enquiries automatically.

Worth a quick 10-minute call to show you exactly what I'd change? I'll put together a free audit either way.

Cheers,
Billy
Voltara Digital

P.S. If this isn't relevant just reply ""no thanks"" and I won't follow up."
contact@sansoxygen.com,Simply’ Automatic driving school,Quick idea for Simply’ Automatic driving school,"Hi,

I found Simply’ Automatic driving school while looking at driving schools in Birmingham. You're set up online, but only a handful of Google reviews showing — usually the main thing holding back where you rank in local search.

I run Voltara Digital — we help Birmingham driving schools get found online and turn more of those Google searches into booked jobs: a clean website, a stronger Google profile, and a bit of AI automation to chase reviews and answer enquiries automatically.

Worth a quick 10-minute call to show you exactly what I'd change? I'll put together a free audit either way.

Cheers,
Billy
Voltara Digital

P.S. If this isn't relevant just reply ""no thanks"" and I won't follow up."
info@bathroomfittingbristol.co.uk,Bathroom Fitting Bristol,Quick idea for Bathroom Fitting Bristol,"Hi,

I found Bathroom Fitting Bristol while looking at bathroom-fitting businesss in Bristol. You're set up online, but only a handful of Google reviews showing — usually the main thing holding back where you rank in local search.

I run Voltara Digital — we help Bristol bathroom-fitting businesss get found online and turn more of those Google searches into booked jobs: a clean website, a stronger Google profile, and a bit of AI automation to chase reviews and answer enquiries automatically.

Worth a quick 10-minute call to show you exactly what I'd change? I'll put together a free audit either way.

Cheers,
Billy
Voltara Digital

P.S. If this isn't relevant just reply ""no thanks"" and I won't follow up."
anapbm@gmail.com,S.A.Graham Building contractors,Quick idea for S.A.Graham Building contractors,"Hi,

I found S.A.Graham Building contractors while looking at builders in Bristol. You're set up online, but only a handful of Google reviews showing — usually the main thing holding back where you rank in local search.

I run Voltara Digital — we help Bristol builders get found online and turn more of those Google searches into booked jobs: a clean website, a stronger Google profile, and a bit of AI automation to chase reviews and answer enquiries automatically.

Worth a quick 10-minute call to show you exactly what I'd change? I'll put together a free audit either way.

Cheers,
Billy
Voltara Digital

P.S. If this isn't relevant just reply ""no thanks"" and I won't follow up."
office@stone-co.co.uk,Stone & Co. Chartered Accountants,Quick idea for Stone & Co. Chartered Accountants,"Hi,

I found Stone & Co. Chartered Accountants while looking at accountants in Bristol. You're set up online, but only a handful of Google reviews showing — usually the main thing holding back where you rank in local search.

I run Voltara Digital — we help Bristol accountants get found online and turn more of those Google searches into booked jobs: a clean website, a stronger Google profile, and a bit of AI automation to chase reviews and answer enquiries automatically.

Worth a quick 10-minute call to show you exactly what I'd change? I'll put together a free audit either way.

Cheers,
Billy
Voltara Digital

P.S. If this isn't relevant just reply ""no thanks"" and I won't follow up."
info@kingscote.co.uk,Kingscote Accountancy,Quick idea for Kingscote Accountancy,"Hi,

I found Kingscote Accountancy while looking at accountants in Bristol. You're set up online, but only a handful of Google reviews showing — usually the main thing holding back where you rank in local search.

I run Voltara Digital — we help Bristol accountants get found online and turn more of those Google searches into booked jobs: a clean website, a stronger Google profile, and a bit of AI automation to chase reviews and answer enquiries automatically.

Worth a quick 10-minute call to show you exactly what I'd change? I'll put together a free audit either way.

Cheers,
Billy
Voltara Digital

P.S. If this isn't relevant just reply ""no thanks"" and I won't follow up."
melissa.willment@archelm.co.uk,ArchElm Chartered Accountants,Quick idea for ArchElm Chartered Accountants,"Hi,

I found ArchElm Chartered Accountants while looking at accountants in Bristol. You're set up online, but only a handful of Google reviews showing — usually the main thing holding back where you rank in local search.

I run Voltara Digital — we help Bristol accountants get found online and turn more of those Google searches into booked jobs: a clean website, a stronger Google profile, and a bit of AI automation to chase reviews and answer enquiries automatically.

Worth a quick 10-minute call to show you exactly what I'd change? I'll put together a free audit either way.

Cheers,
Billy
Voltara Digital

P.S. If this isn't relevant just reply ""no thanks"" and I won't follow up."
sebastian@aldusleaf.org,Julie English Interiors,Quick idea for Julie English Interiors,"Hi,

I found Julie English Interiors while looking at bathroom-fitting businesss in Birmingham. You're set up online, but only a handful of Google reviews showing — usually the main thing holding back where you rank in local search.

I run Voltara Digital — we help Birmingham bathroom-fitting businesss get found online and turn more of those Google searches into booked jobs: a clean website, a stronger Google profile, and a bit of AI automation to chase reviews and answer enquiries automatically.

Worth a quick 10-minute call to show you exactly what I'd change? I'll put together a free audit either way.

Cheers,
Billy
Voltara Digital

P.S. If this isn't relevant just reply ""no thanks"" and I won't follow up."
buildersprimeal@gmail.com,Prime-Al Builders,Quick idea for Prime-Al Builders,"Hi,

I found Prime-Al Builders while looking at builders in Birmingham. You're set up online, but only a handful of Google reviews showing — usually the main thing holding back where you rank in local search.

I run Voltara Digital — we help Birmingham builders get found online and turn more of those Google searches into booked jobs: a clean website, a stronger Google profile, and a bit of AI automation to chase reviews and answer enquiries automatically.

Worth a quick 10-minute call to show you exactly what I'd change? I'll put together a free audit either way.

Cheers,
Billy
Voltara Digital

P.S. If this isn't relevant just reply ""no thanks"" and I won't follow up."
construction@jericho.org.uk,Jericho Construction,Quick idea for Jericho Construction,"Hi,

I found Jericho Construction while looking at builders in Birmingham. You're set up online, but only a handful of Google reviews showing — usually the main thing holding back where you rank in local search.

I run Voltara Digital — we help Birmingham builders get found online and turn more of those Google searches into booked jobs: a clean website, a stronger Google profile, and a bit of AI automation to chase reviews and answer enquiries automatically.

Worth a quick 10-minute call to show you exactly what I'd change? I'll put together a free audit either way.

Cheers,
Billy
Voltara Digital

P.S. If this isn't relevant just reply ""no thanks"" and I won't follow up."
info@mrebuilders.co.uk,MR E. BUILDERS | Builders in Birmingham,Quick idea for MR E. BUILDERS | Builders in Birmingham,"Hi,

I found MR E. BUILDERS | Builders in Birmingham while looking at builders in Birmingham. You're set up online, but only a handful of Google reviews showing — usually the main thing holding back where you rank in local search.

I run Voltara Digital — we help Birmingham builders get found online and turn more of those Google searches into booked jobs: a clean website, a stronger Google profile, and a bit of AI automation to chase reviews and answer enquiries automatically.

Worth a quick 10-minute call to show you exactly what I'd change? I'll put together a free audit either way.

Cheers,
Billy
Voltara Digital

P.S. If this isn't relevant just reply ""no thanks"" and I won't follow up."
info@myroofers.co.uk,CR Building & Roofing,Quick idea for CR Building & Roofing,"Hi,

I found CR Building & Roofing while looking at roofers in Birmingham. You're set up online, but only a handful of Google reviews showing — usually the main thing holding back where you rank in local search.

I run Voltara Digital — we help Birmingham roofers get found online and turn more of those Google searches into booked jobs: a clean website, a stronger Google profile, and a bit of AI automation to chase reviews and answer enquiries automatically.

Worth a quick 10-minute call to show you exactly what I'd change? I'll put together a free audit either way.

Cheers,
Billy
Voltara Digital

P.S. If this isn't relevant just reply ""no thanks"" and I won't follow up."
info@bennettelectricalservices.co.uk,Bennett Electrical Services,Quick idea for Bennett Electrical Services,"Hi,

I found Bennett Electrical Services while looking at electricians in Birmingham. You're set up online, but only a handful of Google reviews showing — usually the main thing holding back where you rank in local search.

I run Voltara Digital — we help Birmingham electricians get found online and turn more of those Google searches into booked jobs: a clean website, a stronger Google profile, and a bit of AI automation to chase reviews and answer enquiries automatically.

Worth a quick 10-minute call to show you exactly what I'd change? I'll put together a free audit either way.

Cheers,
Billy
Voltara Digital

P.S. If this isn't relevant just reply ""no thanks"" and I won't follow up."
info@silveroakdriveways.co.uk,Silveroak Driveways Ltd,Quick idea for Silveroak Driveways Ltd,"Hi,

I found Silveroak Driveways Ltd while looking at driveway & paving companys in Birmingham. You're set up online, but only a handful of Google reviews showing — usually the main thing holding back where you rank in local search.

I run Voltara Digital — we help Birmingham driveway & paving companys get found online and turn more of those Google searches into booked jobs: a clean website, a stronger Google profile, and a bit of AI automation to chase reviews and answer enquiries automatically.

Worth a quick 10-minute call to show you exactly what I'd change? I'll put together a free audit either way.

Cheers,
Billy
Voltara Digital

P.S. If this isn't relevant just reply ""no thanks"" and I won't follow up."
info@achievehealth.uk,Achieve Aesthetics Birmingham,Quick idea for Achieve Aesthetics Birmingham,"Hi,

I found Achieve Aesthetics Birmingham while looking at aesthetic clinics in Birmingham. You're set up online, but only a handful of Google reviews showing — usually the main thing holding back where you rank in local search.

I run Voltara Digital — we help Birmingham aesthetic clinics get found online and turn more of those Google searches into booked jobs: a clean website, a stronger Google profile, and a bit of AI automation to chase reviews and answer enquiries automatically.

Worth a quick 10-minute call to show you exactly what I'd change? I'll put together a free audit either way.

Cheers,
Billy
Voltara Digital

P.S. If this isn't relevant just reply ""no thanks"" and I won't follow up."
marvelatthestudio@gmail.com,Marvel the Studio,Quick idea for Marvel the Studio,"Hi,

I found Marvel the Studio while looking at personal training businesss in Birmingham. You're set up online, but only a handful of Google reviews showing — usually the main thing holding back where you rank in local search.

I run Voltara Digital — we help Birmingham personal training businesss get found online and turn more of those Google searches into booked jobs: a clean website, a stronger Google profile, and a bit of AI automation to chase reviews and answer enquiries automatically.

Worth a quick 10-minute call to show you exactly what I'd change? I'll put together a free audit either way.

Cheers,
Billy
Voltara Digital

P.S. If this isn't relevant just reply ""no thanks"" and I won't follow up."
info@rraccountants.co.uk,RR Accountants Bordesley Green Birmingham,Quick idea for RR Accountants Bordesley Green Birmingham,"Hi,

I found RR Accountants Bordesley Green Birmingham while looking at accountants in Birmingham. You're set up online, but only a handful of Google reviews showing — usually the main thing holding back where you rank in local search.

I run Voltara Digital — we help Birmingham accountants get found online and turn more of those Google searches into booked jobs: a clean website, a stronger Google profile, and a bit of AI automation to chase reviews and answer enquiries automatically.

Worth a quick 10-minute call to show you exactly what I'd change? I'll put together a free audit either way.

Cheers,
Billy
Voltara Digital

P.S. If this isn't relevant just reply ""no thanks"" and I won't follow up."
info@fountainsolicitors.com,Fountain Solicitors,Quick idea for Fountain Solicitors,"Hi,

I found Fountain Solicitors while looking at solicitors in Birmingham. You're set up online, but only a handful of Google reviews showing — usually the main thing holding back where you rank in local search.

I run Voltara Digital — we help Birmingham solicitors get found online and turn more of those Google searches into booked jobs: a clean website, a stronger Google profile, and a bit of AI automation to chase reviews and answer enquiries automatically.

Worth a quick 10-minute call to show you exactly what I'd change? I'll put together a free audit either way.

Cheers,
Billy
Voltara Digital

P.S. If this isn't relevant just reply ""no thanks"" and I won't follow up."
enquiries@protusfs.co.uk,Protus Financial Services Ltd,Quick idea for Protus Financial Services Ltd,"Hi,

I found Protus Financial Services Ltd while looking at mortgage brokers in Birmingham. You're set up online, but only a handful of Google reviews showing — usually the main thing holding back where you rank in local search.

I run Voltara Digital — we help Birmingham mortgage brokers get found online and turn more of those Google searches into booked jobs: a clean website, a stronger Google profile, and a bit of AI automation to chase reviews and answer enquiries automatically.

Worth a quick 10-minute call to show you exactly what I'd change? I'll put together a free audit either way.

Cheers,
Billy
Voltara Digital

P.S. If this isn't relevant just reply ""no thanks"" and I won't follow up."
info@bespoiltbirmingham.co.uk,Be Spoilt Birmingham - Residential & Commercial Cleaning Services,Quick idea for Be Spoilt Birmingham - Residential & Commercial Cleaning Services,"Hi,

I found Be Spoilt Birmingham - Residential & Commercial Cleaning Services while looking at cleaning companys in Birmingham. You're set up online, but only a handful of Google reviews showing — usually the main thing holding back where you rank in local search.

I run Voltara Digital — we help Birmingham cleaning companys get found online and turn more of those Google searches into booked jobs: a clean website, a stronger Google profile, and a bit of AI automation to chase reviews and answer enquiries automatically.

Worth a quick 10-minute call to show you exactly what I'd change? I'll put together a free audit either way.

Cheers,
Billy
Voltara Digital

P.S. If this isn't relevant just reply ""no thanks"" and I won't follow up."
info@valutobuilders.co.uk,Valuto Builders Ltd,Quick idea for Valuto Builders Ltd,"Hi,

I found Valuto Builders Ltd while looking at builders in Bristol. You're set up online, but only a handful of Google reviews showing — usually the main thing holding back where you rank in local search.

I run Voltara Digital — we help Bristol builders get found online and turn more of those Google searches into booked jobs: a clean website, a stronger Google profile, and a bit of AI automation to chase reviews and answer enquiries automatically.

Worth a quick 10-minute call to show you exactly what I'd change? I'll put together a free audit either way.

Cheers,
Billy
Voltara Digital

P.S. If this isn't relevant just reply ""no thanks"" and I won't follow up."
hello@smartlandscapedesign.co.uk,Smart Landscape Design,Quick idea for Smart Landscape Design,"Hi,

I found Smart Landscape Design while looking at landscapers in Bristol. You're set up online, but only a handful of Google reviews showing — usually the main thing holding back where you rank in local search.

I run Voltara Digital — we help Bristol landscapers get found online and turn more of those Google searches into booked jobs: a clean website, a stronger Google profile, and a bit of AI automation to chase reviews and answer enquiries automatically.

Worth a quick 10-minute call to show you exactly what I'd change? I'll put together a free audit either way.

Cheers,
Billy
Voltara Digital

P.S. If this isn't relevant just reply ""no thanks"" and I won't follow up."
innesdesignstudio@gmail.com,Innes Design Studio,Quick idea for Innes Design Studio,"Hi,

I found Innes Design Studio while looking at landscapers in Bristol. You're set up online, but only a handful of Google reviews showing — usually the main thing holding back where you rank in local search.

I run Voltara Digital — we help Bristol landscapers get found online and turn more of those Google searches into booked jobs: a clean website, a stronger Google profile, and a bit of AI automation to chase reviews and answer enquiries automatically.

Worth a quick 10-minute call to show you exactly what I'd change? I'll put together a free audit either way.

Cheers,
Billy
Voltara Digital

P.S. If this isn't relevant just reply ""no thanks"" and I won't follow up."
barkandgardens@gmail.com,Bark and Gardens,Quick idea for Bark and Gardens,"Hi,

I found Bark and Gardens while looking at landscapers in Bristol. You're set up online, but only a handful of Google reviews showing — usually the main thing holding back where you rank in local search.

I run Voltara Digital — we help Bristol landscapers get found online and turn more of those Google searches into booked jobs: a clean website, a stronger Google profile, and a bit of AI automation to chase reviews and answer enquiries automatically.

Worth a quick 10-minute call to show you exactly what I'd change? I'll put together a free audit either way.

Cheers,
Billy
Voltara Digital

P.S. If this isn't relevant just reply ""no thanks"" and I won't follow up."
urbanpavingbristol@gmail.com,Urban Paving Bristol,Quick idea for Urban Paving Bristol,"Hi,

I found Urban Paving Bristol while looking at driveway & paving companys in Bristol. You're set up online, but only a handful of Google reviews showing — usually the main thing holding back where you rank in local search.

I run Voltara Digital — we help Bristol driveway & paving companys get found online and turn more of those Google searches into booked jobs: a clean website, a stronger Google profile, and a bit of AI automation to chase reviews and answer enquiries automatically.

Worth a quick 10-minute call to show you exactly what I'd change? I'll put together a free audit either way.

Cheers,
Billy
Voltara Digital

P.S. If this isn't relevant just reply ""no thanks"" and I won't follow up."
acornsurfacing@hotmail.co.uk,Acorn Surfacing Ltd,Quick idea for Acorn Surfacing Ltd,"Hi,

I found Acorn Surfacing Ltd while looking at driveway & paving companys in Bristol. You're set up online, but only a handful of Google reviews showing — usually the main thing holding back where you rank in local search.

I run Voltara Digital — we help Bristol driveway & paving companys get found online and turn more of those Google searches into booked jobs: a clean website, a stronger Google profile, and a bit of AI automation to chase reviews and answer enquiries automatically.

Worth a quick 10-minute call to show you exactly what I'd change? I'll put together a free audit either way.

Cheers,
Billy
Voltara Digital

P.S. If this isn't relevant just reply ""no thanks"" and I won't follow up."
hello@sculptskin.co.uk,Sculptskin,Quick idea for Sculptskin,"Hi,

I found Sculptskin while looking at aesthetic clinics in Bristol. You're set up online, but only a handful of Google reviews showing — usually the main thing holding back where you rank in local search.

I run Voltara Digital — we help Bristol aesthetic clinics get found online and turn more of those Google searches into booked jobs: a clean website, a stronger Google profile, and a bit of AI automation to chase reviews and answer enquiries automatically.

Worth a quick 10-minute call to show you exactly what I'd change? I'll put together a free audit either way.

Cheers,
Billy
Voltara Digital

P.S. If this isn't relevant just reply ""no thanks"" and I won't follow up."
info@hannahdonkin.com,Hannah Donkin Personal Trainer,Quick idea for Hannah Donkin Personal Trainer,"Hi,

I found Hannah Donkin Personal Trainer while looking at personal training businesss in Bristol. You're set up online, but only a handful of Google reviews showing — usually the main thing holding back where you rank in local search.

I run Voltara Digital — we help Bristol personal training businesss get found online and turn more of those Google searches into booked jobs: a clean website, a stronger Google profile, and a bit of AI automation to chase reviews and answer enquiries automatically.

Worth a quick 10-minute call to show you exactly what I'd change? I'll put together a free audit either way.

Cheers,
Billy
Voltara Digital

P.S. If this isn't relevant just reply ""no thanks"" and I won't follow up."
info@octaneaccountants.co.uk,Octane Accountants,Quick idea for Octane Accountants,"Hi,

I found Octane Accountants while looking at accountants in Bristol. You're set up online, but only a handful of Google reviews showing — usually the main thing holding back where you rank in local search.

I run Voltara Digital — we help Bristol accountants get found online and turn more of those Google searches into booked jobs: a clean website, a stronger Google profile, and a bit of AI automation to chase reviews and answer enquiries automatically.

Worth a quick 10-minute call to show you exactly what I'd change? I'll put together a free audit either way.

Cheers,
Billy
Voltara Digital

P.S. If this isn't relevant just reply ""no thanks"" and I won't follow up."
enquiries@buckles-law.co.uk,Buckles Law Bristol,Quick idea for Buckles Law Bristol,"Hi,

I found Buckles Law Bristol while looking at solicitors in Bristol. You're set up online, but only a handful of Google reviews showing — usually the main thing holding back where you rank in local search.

I run Voltara Digital — we help Bristol solicitors get found online and turn more of those Google searches into booked jobs: a clean website, a stronger Google profile, and a bit of AI automation to chase reviews and answer enquiries automatically.

Worth a quick 10-minute call to show you exactly what I'd change? I'll put together a free audit either way.

Cheers,
Billy
Voltara Digital

P.S. If this isn't relevant just reply ""no thanks"" and I won't follow up."
mdsbristol@outlook.com,Mays School of Motoring,Quick idea for Mays School of Motoring,"Hi,

I found Mays School of Motoring while looking at driving schools in Bristol. You're set up online, but only a handful of Google reviews showing — usually the main thing holding back where you rank in local search.

I run Voltara Digital — we help Bristol driving schools get found online and turn more of those Google searches into booked jobs: a clean website, a stronger Google profile, and a bit of AI automation to chase reviews and answer enquiries automatically.

Worth a quick 10-minute call to show you exactly what I'd change? I'll put together a free audit either way.

Cheers,
Billy
Voltara Digital

P.S. If this isn't relevant just reply ""no thanks"" and I won't follow up."
info@brilliantcleaningcontractors.co.uk,Brilliant Cleaning Contractors Ltd,Quick idea for Brilliant Cleaning Contractors Ltd,"Hi,

I found Brilliant Cleaning Contractors Ltd while looking at cleaning companys in Bristol. You're set up online, but only a handful of Google reviews showing — usually the main thing holding back where you rank in local search.

I run Voltara Digital — we help Bristol cleaning companys get found online and turn more of those Google searches into booked jobs: a clean website, a stronger Google profile, and a bit of AI automation to chase reviews and answer enquiries automatically.

Worth a quick 10-minute call to show you exactly what I'd change? I'll put together a free audit either way.

Cheers,
Billy
Voltara Digital

P.S. If this isn't relevant just reply ""no thanks"" and I won't follow up."
siddiqerrahman@gmail.com,Skilled Builder Ltd,Quick idea for Skilled Builder Ltd,"Hi,

I found Skilled Builder Ltd while looking at builders in Birmingham. You're set up online, but only a handful of Google reviews showing — usually the main thing holding back where you rank in local search.

I run Voltara Digital — we help Birmingham builders get found online and turn more of those Google searches into booked jobs: a clean website, a stronger Google profile, and a bit of AI automation to chase reviews and answer enquiries automatically.

Worth a quick 10-minute call to show you exactly what I'd change? I'll put together a free audit either way.

Cheers,
Billy
Voltara Digital

P.S. If this isn't relevant just reply ""no thanks"" and I won't follow up."
andy@doughtyconstruction.co.uk,Doughty Construction,Quick idea for Doughty Construction,"Hi,

I found Doughty Construction while looking at builders in Birmingham. You're set up online, but only a handful of Google reviews showing — usually the main thing holding back where you rank in local search.

I run Voltara Digital — we help Birmingham builders get found online and turn more of those Google searches into booked jobs: a clean website, a stronger Google profile, and a bit of AI automation to chase reviews and answer enquiries automatically.

Worth a quick 10-minute call to show you exactly what I'd change? I'll put together a free audit either way.

Cheers,
Billy
Voltara Digital

P.S. If this isn't relevant just reply ""no thanks"" and I won't follow up."
lhelectricalservices01@gmail.com,LH Electrical Services (Midlands) Ltd,Quick idea for LH Electrical Services (Midlands) Ltd,"Hi,

I found LH Electrical Services (Midlands) Ltd while looking at electricians in Birmingham. You're set up online, but only a handful of Google reviews showing — usually the main thing holding back where you rank in local search.

I run Voltara Digital — we help Birmingham electricians get found online and turn more of those Google searches into booked jobs: a clean website, a stronger Google profile, and a bit of AI automation to chase reviews and answer enquiries automatically.

Worth a quick 10-minute call to show you exactly what I'd change? I'll put together a free audit either way.

Cheers,
Billy
Voltara Digital

P.S. If this isn't relevant just reply ""no thanks"" and I won't follow up."
pro_pave@hotmail.co.uk,Pro Pave,Quick idea for Pro Pave,"Hi,

I found Pro Pave while looking at driveway & paving companys in Birmingham. You're set up online, but only a handful of Google reviews showing — usually the main thing holding back where you rank in local search.

I run Voltara Digital — we help Birmingham driveway & paving companys get found online and turn more of those Google searches into booked jobs: a clean website, a stronger Google profile, and a bit of AI automation to chase reviews and answer enquiries automatically.

Worth a quick 10-minute call to show you exactly what I'd change? I'll put together a free audit either way.

Cheers,
Billy
Voltara Digital

P.S. If this isn't relevant just reply ""no thanks"" and I won't follow up."
adrian@bristolgarden.co.uk,Adrian Stoute,Quick idea for Adrian Stoute,"Hi,

I found Adrian Stoute while looking at landscapers in Bristol. You're set up online, but only a handful of Google reviews showing — usually the main thing holding back where you rank in local search.

I run Voltara Digital — we help Bristol landscapers get found online and turn more of those Google searches into booked jobs: a clean website, a stronger Google profile, and a bit of AI automation to chase reviews and answer enquiries automatically.

Worth a quick 10-minute call to show you exactly what I'd change? I'll put together a free audit either way.

Cheers,
Billy
Voltara Digital

P.S. If this isn't relevant just reply ""no thanks"" and I won't follow up."
info@land-stone.com,LandStone Landscaping Bath Bristol,Quick idea for LandStone Landscaping Bath Bristol,"Hi,

I found LandStone Landscaping Bath Bristol while looking at landscapers in Bristol. You're set up online, but only a handful of Google reviews showing — usually the main thing holding back where you rank in local search.

I run Voltara Digital — we help Bristol landscapers get found online and turn more of those Google searches into booked jobs: a clean website, a stronger Google profile, and a bit of AI automation to chase reviews and answer enquiries automatically.

Worth a quick 10-minute call to show you exactly what I'd change? I'll put together a free audit either way.

Cheers,
Billy
Voltara Digital

P.S. If this isn't relevant just reply ""no thanks"" and I won't follow up."
webmaster@parkstonehomeimprovements.co.uk,Parkstone Home Improvements,Quick idea for Parkstone Home Improvements,"Hi,

I found Parkstone Home Improvements while looking at driveway & paving companys in Bristol. You're set up online, but only a handful of Google reviews showing — usually the main thing holding back where you rank in local search.

I run Voltara Digital — we help Bristol driveway & paving companys get found online and turn more of those Google searches into booked jobs: a clean website, a stronger Google profile, and a bit of AI automation to chase reviews and answer enquiries automatically.

Worth a quick 10-minute call to show you exactly what I'd change? I'll put together a free audit either way.

Cheers,
Billy
Voltara Digital

P.S. If this isn't relevant just reply ""no thanks"" and I won't follow up."
hello@brockmanaccountants.co.uk,Brockman Accountants Ltd,Quick idea for Brockman Accountants Ltd,"Hi,

I found Brockman Accountants Ltd while looking at accountants in Bristol. You're set up online, but only a handful of Google reviews showing — usually the main thing holding back where you rank in local search.

I run Voltara Digital — we help Bristol accountants get found online and turn more of those Google searches into booked jobs: a clean website, a stronger Google profile, and a bit of AI automation to chase reviews and answer enquiries automatically.

Worth a quick 10-minute call to show you exactly what I'd change? I'll put together a free audit either way.

Cheers,
Billy
Voltara Digital

P.S. If this isn't relevant just reply ""no thanks"" and I won't follow up."
hello@fd-works.co.uk,FD Works | Bristol accountants and bookkeepers,Quick idea for FD Works | Bristol accountants and bookkeepers,"Hi,

I found FD Works | Bristol accountants and bookkeepers while looking at accountants in Bristol. You're set up online, but only a handful of Google reviews showing — usually the main thing holding back where you rank in local search.

I run Voltara Digital — we help Bristol accountants get found online and turn more of those Google searches into booked jobs: a clean website, a stronger Google profile, and a bit of AI automation to chase reviews and answer enquiries automatically.

Worth a quick 10-minute call to show you exactly what I'd change? I'll put together a free audit either way.

Cheers,
Billy
Voltara Digital

P.S. If this isn't relevant just reply ""no thanks"" and I won't follow up."
gibsonskitchens@icloud.com,Gibson's Kitchens Ltd,Quick idea for Gibson's Kitchens Ltd,"Hi,

I found Gibson's Kitchens Ltd while looking at kitchen-fitting businesss in Birmingham. You're set up online, but only a handful of Google reviews showing — usually the main thing holding back where you rank in local search.

I run Voltara Digital — we help Birmingham kitchen-fitting businesss get found online and turn more of those Google searches into booked jobs: a clean website, a stronger Google profile, and a bit of AI automation to chase reviews and answer enquiries automatically.

Worth a quick 10-minute call to show you exactly what I'd change? I'll put together a free audit either way.

Cheers,
Billy
Voltara Digital

P.S. If this isn't relevant just reply ""no thanks"" and I won't follow up."
info@eurohousing.co.uk,Euro Housing Builders,Quick idea for Euro Housing Builders,"Hi,

I found Euro Housing Builders while looking at builders in Birmingham. You're set up online, but only a handful of Google reviews showing — usually the main thing holding back where you rank in local search.

I run Voltara Digital — we help Birmingham builders get found online and turn more of those Google searches into booked jobs: a clean website, a stronger Google profile, and a bit of AI automation to chase reviews and answer enquiries automatically.

Worth a quick 10-minute call to show you exactly what I'd change? I'll put together a free audit either way.

Cheers,
Billy
Voltara Digital

P.S. If this isn't relevant just reply ""no thanks"" and I won't follow up."
pplandscape05@gmail.com,Picture Perfect Landscape & Design Ltd,Quick idea for Picture Perfect Landscape & Design Ltd,"Hi,

I found Picture Perfect Landscape & Design Ltd while looking at landscapers in Birmingham. You're set up online, but only a handful of Google reviews showing — usually the main thing holding back where you rank in local search.

I run Voltara Digital — we help Birmingham landscapers get found online and turn more of those Google searches into booked jobs: a clean website, a stronger Google profile, and a bit of AI automation to chase reviews and answer enquiries automatically.

Worth a quick 10-minute call to show you exactly what I'd change? I'll put together a free audit either way.

Cheers,
Billy
Voltara Digital

P.S. If this isn't relevant just reply ""no thanks"" and I won't follow up."
info@tardrives.co.uk,Tar-Drives,Quick idea for Tar-Drives,"Hi,

I found Tar-Drives while looking at driveway & paving companys in Birmingham. You're set up online, but only a handful of Google reviews showing — usually the main thing holding back where you rank in local search.

I run Voltara Digital — we help Birmingham driveway & paving companys get found online and turn more of those Google searches into booked jobs: a clean website, a stronger Google profile, and a bit of AI automation to chase reviews and answer enquiries automatically.

Worth a quick 10-minute call to show you exactly what I'd change? I'll put together a free audit either way.

Cheers,
Billy
Voltara Digital

P.S. If this isn't relevant just reply ""no thanks"" and I won't follow up."
hello@cosmeticsmileclinic.co.uk,Cosmetic Smile Clinic - Birmingham Cosmetic Dentist,Quick idea for Cosmetic Smile Clinic - Birmingham Cosmetic Dentist,"Hi,

I found Cosmetic Smile Clinic - Birmingham Cosmetic Dentist while looking at dentists in Birmingham. You're set up online, but only a handful of Google reviews showing — usually the main thing holding back where you rank in local search.

I run Voltara Digital — we help Birmingham dentists get found online and turn more of those Google searches into booked jobs: a clean website, a stronger Google profile, and a bit of AI automation to chase reviews and answer enquiries automatically.

Worth a quick 10-minute call to show you exactly what I'd change? I'll put together a free audit either way.

Cheers,
Billy
Voltara Digital

P.S. If this isn't relevant just reply ""no thanks"" and I won't follow up."
hello@prgrsfitness.co.uk,PRGRS,Quick idea for PRGRS,"Hi,

I found PRGRS while looking at personal training businesss in Birmingham. You're set up online, but only a handful of Google reviews showing — usually the main thing holding back where you rank in local search.

I run Voltara Digital — we help Birmingham personal training businesss get found online and turn more of those Google searches into booked jobs: a clean website, a stronger Google profile, and a bit of AI automation to chase reviews and answer enquiries automatically.

Worth a quick 10-minute call to show you exactly what I'd change? I'll put together a free audit either way.

Cheers,
Billy
Voltara Digital

P.S. If this isn't relevant just reply ""no thanks"" and I won't follow up."
solutions@fraserrussell.com,Fraser Russell Limited,Quick idea for Fraser Russell Limited,"Hi,

I found Fraser Russell Limited while looking at accountants in Birmingham. You're set up online, but only a handful of Google reviews showing — usually the main thing holding back where you rank in local search.

I run Voltara Digital — we help Birmingham accountants get found online and turn more of those Google searches into booked jobs: a clean website, a stronger Google profile, and a bit of AI automation to chase reviews and answer enquiries automatically.

Worth a quick 10-minute call to show you exactly what I'd change? I'll put together a free audit either way.

Cheers,
Billy
Voltara Digital

P.S. If this isn't relevant just reply ""no thanks"" and I won't follow up."
info@corvell.co.uk,Corvell ltd,Quick idea for Corvell ltd,"Hi,

I found Corvell ltd while looking at bathroom-fitting businesss in Bristol. You're set up online, but only a handful of Google reviews showing — usually the main thing holding back where you rank in local search.

I run Voltara Digital — we help Bristol bathroom-fitting businesss get found online and turn more of those Google searches into booked jobs: a clean website, a stronger Google profile, and a bit of AI automation to chase reviews and answer enquiries automatically.

Worth a quick 10-minute call to show you exactly what I'd change? I'll put together a free audit either way.

Cheers,
Billy
Voltara Digital

P.S. If this isn't relevant just reply ""no thanks"" and I won't follow up."
info@dowlingbuildingsolutions.co.uk,Dowling Building Solutions Ltd,Quick idea for Dowling Building Solutions Ltd,"Hi,

I found Dowling Building Solutions Ltd while looking at builders in Bristol. You're set up online, but only a handful of Google reviews showing — usually the main thing holding back where you rank in local search.

I run Voltara Digital — we help Bristol builders get found online and turn more of those Google searches into booked jobs: a clean website, a stronger Google profile, and a bit of AI automation to chase reviews and answer enquiries automatically.

Worth a quick 10-minute call to show you exactly what I'd change? I'll put together a free audit either way.

Cheers,
Billy
Voltara Digital

P.S. If this isn't relevant just reply ""no thanks"" and I won't follow up."
jwcarpentry44@gmail.com,JW Carpentry & Build Ltd,Quick idea for JW Carpentry & Build Ltd,"Hi,

I found JW Carpentry & Build Ltd while looking at builders in Bristol. You're set up online, but only a handful of Google reviews showing — usually the main thing holding back where you rank in local search.

I run Voltara Digital — we help Bristol builders get found online and turn more of those Google searches into booked jobs: a clean website, a stronger Google profile, and a bit of AI automation to chase reviews and answer enquiries automatically.

Worth a quick 10-minute call to show you exactly what I'd change? I'll put together a free audit either way.

Cheers,
Billy
Voltara Digital

P.S. If this isn't relevant just reply ""no thanks"" and I won't follow up."
l.b.landscaping@outlook.com,LB Landscaping,Quick idea for LB Landscaping,"Hi,

I found LB Landscaping while looking at landscapers in Bristol. You're set up online, but only a handful of Google reviews showing — usually the main thing holding back where you rank in local search.

I run Voltara Digital — we help Bristol landscapers get found online and turn more of those Google searches into booked jobs: a clean website, a stronger Google profile, and a bit of AI automation to chase reviews and answer enquiries automatically.

Worth a quick 10-minute call to show you exactly what I'd change? I'll put together a free audit either way.

Cheers,
Billy
Voltara Digital

P.S. If this isn't relevant just reply ""no thanks"" and I won't follow up."
ross@cparkerandson.co.uk,C Parker & Son Electrical Contractors,Quick idea for C Parker & Son Electrical Contractors,"Hi,

I found C Parker & Son Electrical Contractors while looking at electricians in Bristol. You're set up online, but only a handful of Google reviews showing — usually the main thing holding back where you rank in local search.

I run Voltara Digital — we help Bristol electricians get found online and turn more of those Google searches into booked jobs: a clean website, a stronger Google profile, and a bit of AI automation to chase reviews and answer enquiries automatically.

Worth a quick 10-minute call to show you exactly what I'd change? I'll put together a free audit either way.

Cheers,
Billy
Voltara Digital

P.S. If this isn't relevant just reply ""no thanks"" and I won't follow up."
bcdriveways@outlook.com,B C Driveways Bristol,Quick idea for B C Driveways Bristol,"Hi,

I found B C Driveways Bristol while looking at driveway & paving companys in Bristol. You're set up online, but only a handful of Google reviews showing — usually the main thing holding back where you rank in local search.

I run Voltara Digital — we help Bristol driveway & paving companys get found online and turn more of those Google searches into booked jobs: a clean website, a stronger Google profile, and a bit of AI automation to chase reviews and answer enquiries automatically.

Worth a quick 10-minute call to show you exactly what I'd change? I'll put together a free audit either way.

Cheers,
Billy
Voltara Digital

P.S. If this isn't relevant just reply ""no thanks"" and I won't follow up."
info@bristolbeauty.com,Bristol Beauty,Quick idea for Bristol Beauty,"Hi,

I found Bristol Beauty while looking at beauty salons in Bristol. You're set up online, but only a handful of Google reviews showing — usually the main thing holding back where you rank in local search.

I run Voltara Digital — we help Bristol beauty salons get found online and turn more of those Google searches into booked jobs: a clean website, a stronger Google profile, and a bit of AI automation to chase reviews and answer enquiries automatically.

Worth a quick 10-minute call to show you exactly what I'd change? I'll put together a free audit either way.

Cheers,
Billy
Voltara Digital

P.S. If this isn't relevant just reply ""no thanks"" and I won't follow up."
snlfitness@outlook.com,SNL Fitness,Quick idea for SNL Fitness,"Hi,

I found SNL Fitness while looking at personal training businesss in Bristol. You're set up online, but only a handful of Google reviews showing — usually the main thing holding back where you rank in local search.

I run Voltara Digital — we help Bristol personal training businesss get found online and turn more of those Google searches into booked jobs: a clean website, a stronger Google profile, and a bit of AI automation to chase reviews and answer enquiries automatically.

Worth a quick 10-minute call to show you exactly what I'd change? I'll put together a free audit either way.

Cheers,
Billy
Voltara Digital

P.S. If this isn't relevant just reply ""no thanks"" and I won't follow up."
enquiries@tc-group.com,TC Group - East Bristol,Quick idea for TC Group - East Bristol,"Hi,

I found TC Group - East Bristol while looking at accountants in Bristol. You're set up online, but only a handful of Google reviews showing — usually the main thing holding back where you rank in local search.

I run Voltara Digital — we help Bristol accountants get found online and turn more of those Google searches into booked jobs: a clean website, a stronger Google profile, and a bit of AI automation to chase reviews and answer enquiries automatically.

Worth a quick 10-minute call to show you exactly what I'd change? I'll put together a free audit either way.

Cheers,
Billy
Voltara Digital

P.S. If this isn't relevant just reply ""no thanks"" and I won't follow up."
data.protection@mab.org.uk,Mortgage Advice Bureau,Quick idea for Mortgage Advice Bureau,"Hi,

I found Mortgage Advice Bureau while looking at mortgage brokers in Bristol. You're set up online, but only a handful of Google reviews showing — usually the main thing holding back where you rank in local search.

I run Voltara Digital — we help Bristol mortgage brokers get found online and turn more of those Google searches into booked jobs: a clean website, a stronger Google profile, and a bit of AI automation to chase reviews and answer enquiries automatically.

Worth a quick 10-minute call to show you exactly what I'd change? I'll put together a free audit either way.

Cheers,
Billy
Voltara Digital

P.S. If this isn't relevant just reply ""no thanks"" and I won't follow up."
clifton@dyerandscott.co.uk,Dyer and Scott,Quick idea for Dyer and Scott,"Hi,

I found Dyer and Scott while looking at opticians in Bristol. You're set up online, but only a handful of Google reviews showing — usually the main thing holding back where you rank in local search.

I run Voltara Digital — we help Bristol opticians get found online and turn more of those Google searches into booked jobs: a clean website, a stronger Google profile, and a bit of AI automation to chase reviews and answer enquiries automatically.

Worth a quick 10-minute call to show you exactly what I'd change? I'll put together a free audit either way.

Cheers,
Billy
Voltara Digital

P.S. If this isn't relevant just reply ""no thanks"" and I won't follow up."
cleaning-genie@outlook.com,Cleaning Genie,Quick idea for Cleaning Genie,"Hi,

I found Cleaning Genie while looking at cleaning companys in Bristol. You're set up online, but only a handful of Google reviews showing — usually the main thing holding back where you rank in local search.

I run Voltara Digital — we help Bristol cleaning companys get found online and turn more of those Google searches into booked jobs: a clean website, a stronger Google profile, and a bit of AI automation to chase reviews and answer enquiries automatically.

Worth a quick 10-minute call to show you exactly what I'd change? I'll put together a free audit either way.

Cheers,
Billy
Voltara Digital

P.S. If this isn't relevant just reply ""no thanks"" and I won't follow up."
info@prestigeclean.email,Prestige Cleaning & Maintenance Ltd,Quick idea for Prestige Cleaning & Maintenance Ltd,"Hi,

I found Prestige Cleaning & Maintenance Ltd while looking at cleaning companys in Bristol. You're set up online, but only a handful of Google reviews showing — usually the main thing holding back where you rank in local search.

I run Voltara Digital — we help Bristol cleaning companys get found online and turn more of those Google searches into booked jobs: a clean website, a stronger Google profile, and a bit of AI automation to chase reviews and answer enquiries automatically.

Worth a quick 10-minute call to show you exactly what I'd change? I'll put together a free audit either way.

Cheers,
Billy
Voltara Digital

P.S. If this isn't relevant just reply ""no thanks"" and I won't follow up."
bledarcekini123@gmail.com,BLEDI BUILDERS LTD,Quick idea for BLEDI BUILDERS LTD,"Hi,

I found BLEDI BUILDERS LTD while looking at builders in Birmingham. You're set up online, but only a handful of Google reviews showing — usually the main thing holding back where you rank in local search.

I run Voltara Digital — we help Birmingham builders get found online and turn more of those Google searches into booked jobs: a clean website, a stronger Google profile, and a bit of AI automation to chase reviews and answer enquiries automatically.

Worth a quick 10-minute call to show you exactly what I'd change? I'll put together a free audit either way.

Cheers,
Billy
Voltara Digital

P.S. If this isn't relevant just reply ""no thanks"" and I won't follow up."
info@arkabuilders.co.uk,ARKA Builders LTD,Quick idea for ARKA Builders LTD,"Hi,

I found ARKA Builders LTD while looking at builders in Birmingham. You're set up online, but only a handful of Google reviews showing — usually the main thing holding back where you rank in local search.

I run Voltara Digital — we help Birmingham builders get found online and turn more of those Google searches into booked jobs: a clean website, a stronger Google profile, and a bit of AI automation to chase reviews and answer enquiries automatically.

Worth a quick 10-minute call to show you exactly what I'd change? I'll put together a free audit either way.

Cheers,
Billy
Voltara Digital

P.S. If this isn't relevant just reply ""no thanks"" and I won't follow up."
craftsmanplumbinginc@yahoo.com,"Craftsman Plumbing, Inc.","Quick idea for Craftsman Plumbing, Inc.","Hi,

I found Craftsman Plumbing, Inc. while looking at plumbers in Birmingham. You're set up online, but only a handful of Google reviews showing — usually the main thing holding back where you rank in local search.

I run Voltara Digital — we help Birmingham plumbers get found online and turn more of those Google searches into booked jobs: a clean website, a stronger Google profile, and a bit of AI automation to chase reviews and answer enquiries automatically.

Worth a quick 10-minute call to show you exactly what I'd change? I'll put together a free audit either way.

Cheers,
Billy
Voltara Digital

P.S. If this isn't relevant just reply ""no thanks"" and I won't follow up."
ian@maedwards.co.uk,M A Edwards - Accountants Birmingham,Quick idea for M A Edwards - Accountants Birmingham,"Hi,

I found M A Edwards - Accountants Birmingham while looking at accountants in Birmingham. You're set up online, but only a handful of Google reviews showing — usually the main thing holding back where you rank in local search.

I run Voltara Digital — we help Birmingham accountants get found online and turn more of those Google searches into booked jobs: a clean website, a stronger Google profile, and a bit of AI automation to chase reviews and answer enquiries automatically.

Worth a quick 10-minute call to show you exactly what I'd change? I'll put together a free audit either way.

Cheers,
Billy
Voltara Digital

P.S. If this isn't relevant just reply ""no thanks"" and I won't follow up."
contact@sansoxygen.com,Plumb-Eco Plumbing and Heating Services,Quick idea for Plumb-Eco Plumbing and Heating Services,"Hi,

I found Plumb-Eco Plumbing and Heating Services while looking at bathroom-fitting businesss in Bristol. You're set up online, but only a handful of Google reviews showing — usually the main thing holding back where you rank in local search.

I run Voltara Digital — we help Bristol bathroom-fitting businesss get found online and turn more of those Google searches into booked jobs: a clean website, a stronger Google profile, and a bit of AI automation to chase reviews and answer enquiries automatically.

Worth a quick 10-minute call to show you exactly what I'd change? I'll put together a free audit either way.

Cheers,
Billy
Voltara Digital

P.S. If this isn't relevant just reply ""no thanks"" and I won't follow up."
sam@doe.com,Bristol Carpentry & Construction Ltd,Quick idea for Bristol Carpentry & Construction Ltd,"Hi,

I found Bristol Carpentry & Construction Ltd while looking at builders in Bristol. You're set up online, but only a handful of Google reviews showing — usually the main thing holding back where you rank in local search.

I run Voltara Digital — we help Bristol builders get found online and turn more of those Google searches into booked jobs: a clean website, a stronger Google profile, and a bit of AI automation to chase reviews and answer enquiries automatically.

Worth a quick 10-minute call to show you exactly what I'd change? I'll put together a free audit either way.

Cheers,
Billy
Voltara Digital

P.S. If this isn't relevant just reply ""no thanks"" and I won't follow up."
sales@jasbuildingservices.co.uk,JAS Building Services (Bristol) Ltd,Quick idea for JAS Building Services (Bristol) Ltd,"Hi,

I found JAS Building Services (Bristol) Ltd while looking at builders in Bristol. You're set up online, but only a handful of Google reviews showing — usually the main thing holding back where you rank in local search.

I run Voltara Digital — we help Bristol builders get found online and turn more of those Google searches into booked jobs: a clean website, a stronger Google profile, and a bit of AI automation to chase reviews and answer enquiries automatically.

Worth a quick 10-minute call to show you exactly what I'd change? I'll put together a free audit either way.

Cheers,
Billy
Voltara Digital

P.S. If this isn't relevant just reply ""no thanks"" and I won't follow up."
workmanroofing@hotmail.com,Workman Roofing and Building LTD,Quick idea for Workman Roofing and Building LTD,"Hi,

I found Workman Roofing and Building LTD while looking at roofers in Bristol. You're set up online, but only a handful of Google reviews showing — usually the main thing holding back where you rank in local search.

I run Voltara Digital — we help Bristol roofers get found online and turn more of those Google searches into booked jobs: a clean website, a stronger Google profile, and a bit of AI automation to chase reviews and answer enquiries automatically.

Worth a quick 10-minute call to show you exactly what I'd change? I'll put together a free audit either way.

Cheers,
Billy
Voltara Digital

P.S. If this isn't relevant just reply ""no thanks"" and I won't follow up."
brotherssouthwest@outlook.com,Brothers Fencing & Landscaping,Quick idea for Brothers Fencing & Landscaping,"Hi,

I found Brothers Fencing & Landscaping while looking at landscapers in Bristol. You're set up online, but only a handful of Google reviews showing — usually the main thing holding back where you rank in local search.

I run Voltara Digital — we help Bristol landscapers get found online and turn more of those Google searches into booked jobs: a clean website, a stronger Google profile, and a bit of AI automation to chase reviews and answer enquiries automatically.

Worth a quick 10-minute call to show you exactly what I'd change? I'll put together a free audit either way.

Cheers,
Billy
Voltara Digital

P.S. If this isn't relevant just reply ""no thanks"" and I won't follow up."
enquiries@abbeywoodpavingbristol.co.uk,Abbeywood Paving,Quick idea for Abbeywood Paving,"Hi,

I found Abbeywood Paving while looking at driveway & paving companys in Bristol. You're set up online, but only a handful of Google reviews showing — usually the main thing holding back where you rank in local search.

I run Voltara Digital — we help Bristol driveway & paving companys get found online and turn more of those Google searches into booked jobs: a clean website, a stronger Google profile, and a bit of AI automation to chase reviews and answer enquiries automatically.

Worth a quick 10-minute call to show you exactly what I'd change? I'll put together a free audit either way.

Cheers,
Billy
Voltara Digital

P.S. If this isn't relevant just reply ""no thanks"" and I won't follow up."
enquiries@newlooksurfacing.co.uk,Newlook Surfacing Ltd,Quick idea for Newlook Surfacing Ltd,"Hi,

I found Newlook Surfacing Ltd while looking at driveway & paving companys in Bristol. You're set up online, but only a handful of Google reviews showing — usually the main thing holding back where you rank in local search.

I run Voltara Digital — we help Bristol driveway & paving companys get found online and turn more of those Google searches into booked jobs: a clean website, a stronger Google profile, and a bit of AI automation to chase reviews and answer enquiries automatically.

Worth a quick 10-minute call to show you exactly what I'd change? I'll put together a free audit either way.

Cheers,
Billy
Voltara Digital

P.S. If this isn't relevant just reply ""no thanks"" and I won't follow up."
danibrowntraining@gmail.com,The Body Matters | Personal Training,Quick idea for The Body Matters | Personal Training,"Hi,

I found The Body Matters | Personal Training while looking at personal training businesss in Bristol. You're set up online, but only a handful of Google reviews showing — usually the main thing holding back where you rank in local search.

I run Voltara Digital — we help Bristol personal training businesss get found online and turn more of those Google searches into booked jobs: a clean website, a stronger Google profile, and a bit of AI automation to chase reviews and answer enquiries automatically.

Worth a quick 10-minute call to show you exactly what I'd change? I'll put together a free audit either way.

Cheers,
Billy
Voltara Digital

P.S. If this isn't relevant just reply ""no thanks"" and I won't follow up."
info@mhcandco.co.uk,MHC & Co Chartered Accountants Bristol,Quick idea for MHC & Co Chartered Accountants Bristol,"Hi,

I found MHC & Co Chartered Accountants Bristol while looking at accountants in Bristol. You're set up online, but only a handful of Google reviews showing — usually the main thing holding back where you rank in local search.

I run Voltara Digital — we help Bristol accountants get found online and turn more of those Google searches into booked jobs: a clean website, a stronger Google profile, and a bit of AI automation to chase reviews and answer enquiries automatically.

Worth a quick 10-minute call to show you exactly what I'd change? I'll put together a free audit either way.

Cheers,
Billy
Voltara Digital

P.S. If this isn't relevant just reply ""no thanks"" and I won't follow up."
info.portishead@valevets.co.uk,Vale Vets,Quick idea for Vale Vets,"Hi,

I found Vale Vets while looking at vets in Bristol. You're set up online, but only a handful of Google reviews showing — usually the main thing holding back where you rank in local search.

I run Voltara Digital — we help Bristol vets get found online and turn more of those Google searches into booked jobs: a clean website, a stronger Google profile, and a bit of AI automation to chase reviews and answer enquiries automatically.

Worth a quick 10-minute call to show you exactly what I'd change? I'll put together a free audit either way.

Cheers,
Billy
Voltara Digital

P.S. If this isn't relevant just reply ""no thanks"" and I won't follow up."
hello@cobwebcleanersbristol.co.uk,Cobweb Cleaners Limited,Quick idea for Cobweb Cleaners Limited,"Hi,

I found Cobweb Cleaners Limited while looking at cleaning companys in Bristol. You're set up online, but only a handful of Google reviews showing — usually the main thing holding back where you rank in local search.

I run Voltara Digital — we help Bristol cleaning companys get found online and turn more of those Google searches into booked jobs: a clean website, a stronger Google profile, and a bit of AI automation to chase reviews and answer enquiries automatically.

Worth a quick 10-minute call to show you exactly what I'd change? I'll put together a free audit either way.

Cheers,
Billy
Voltara Digital

P.S. If this isn't relevant just reply ""no thanks"" and I won't follow up."
harbornesales@thekitchencentre.co.uk,The Kitchen Centre,Quick idea for The Kitchen Centre,"Hi,

I found The Kitchen Centre while looking at kitchen-fitting businesss in Birmingham. You're set up online, but only a handful of Google reviews showing — usually the main thing holding back where you rank in local search.

I run Voltara Digital — we help Birmingham kitchen-fitting businesss get found online and turn more of those Google searches into booked jobs: a clean website, a stronger Google profile, and a bit of AI automation to chase reviews and answer enquiries automatically.

Worth a quick 10-minute call to show you exactly what I'd change? I'll put together a free audit either way.

Cheers,
Billy
Voltara Digital

P.S. If this isn't relevant just reply ""no thanks"" and I won't follow up."
newlinehomeimprovementsltd@gmail.com,Newline Home improvements Ltd,Quick idea for Newline Home improvements Ltd,"Hi,

I found Newline Home improvements Ltd while looking at roofers in Birmingham. You're set up online, but only a handful of Google reviews showing — usually the main thing holding back where you rank in local search.

I run Voltara Digital — we help Birmingham roofers get found online and turn more of those Google searches into booked jobs: a clean website, a stronger Google profile, and a bit of AI automation to chase reviews and answer enquiries automatically.

Worth a quick 10-minute call to show you exactly what I'd change? I'll put together a free audit either way.

Cheers,
Billy
Voltara Digital

P.S. If this isn't relevant just reply ""no thanks"" and I won't follow up."
info@birmingham-driveways.com,Birmingham Driveways Ltd,Quick idea for Birmingham Driveways Ltd,"Hi,

I found Birmingham Driveways Ltd while looking at driveway & paving companys in Birmingham. You're set up online, but only a handful of Google reviews showing — usually the main thing holding back where you rank in local search.

I run Voltara Digital — we help Birmingham driveway & paving companys get found online and turn more of those Google searches into booked jobs: a clean website, a stronger Google profile, and a bit of AI automation to chase reviews and answer enquiries automatically.

Worth a quick 10-minute call to show you exactly what I'd change? I'll put together a free audit either way.

Cheers,
Billy
Voltara Digital

P.S. If this isn't relevant just reply ""no thanks"" and I won't follow up."
enquiries@drknowlesaesthetics.co.uk,Dr Knowles Aesthetics,Quick idea for Dr Knowles Aesthetics,"Hi,

I found Dr Knowles Aesthetics while looking at aesthetic clinics in Birmingham. You're set up online, but only a handful of Google reviews showing — usually the main thing holding back where you rank in local search.

I run Voltara Digital — we help Birmingham aesthetic clinics get found online and turn more of those Google searches into booked jobs: a clean website, a stronger Google profile, and a bit of AI automation to chase reviews and answer enquiries automatically.

Worth a quick 10-minute call to show you exactly what I'd change? I'll put together a free audit either way.

Cheers,
Billy
Voltara Digital

P.S. If this isn't relevant just reply ""no thanks"" and I won't follow up."
trey@lpfit.com,Lakeview Personal Fitness,Quick idea for Lakeview Personal Fitness,"Hi,

I found Lakeview Personal Fitness while looking at personal training businesss in Birmingham. You're set up online, but only a handful of Google reviews showing — usually the main thing holding back where you rank in local search.

I run Voltara Digital — we help Birmingham personal training businesss get found online and turn more of those Google searches into booked jobs: a clean website, a stronger Google profile, and a bit of AI automation to chase reviews and answer enquiries automatically.

Worth a quick 10-minute call to show you exactly what I'd change? I'll put together a free audit either way.

Cheers,
Billy
Voltara Digital

P.S. If this isn't relevant just reply ""no thanks"" and I won't follow up."
sales@birminghamoptical.co.uk,Birmingham Optical,Quick idea for Birmingham Optical,"Hi,

I found Birmingham Optical while looking at opticians in Birmingham. You're set up online, but only a handful of Google reviews showing — usually the main thing holding back where you rank in local search.

I run Voltara Digital — we help Birmingham opticians get found online and turn more of those Google searches into booked jobs: a clean website, a stronger Google profile, and a bit of AI automation to chase reviews and answer enquiries automatically.

Worth a quick 10-minute call to show you exactly what I'd change? I'll put together a free audit either way.

Cheers,
Billy
Voltara Digital

P.S. If this isn't relevant just reply ""no thanks"" and I won't follow up."
info@bristolgeneralbuilders.co.uk,Bristol General Builders,Quick idea for Bristol General Builders,"Hi,

I found Bristol General Builders while looking at builders in Bristol. You're set up online, but only a handful of Google reviews showing — usually the main thing holding back where you rank in local search.

I run Voltara Digital — we help Bristol builders get found online and turn more of those Google searches into booked jobs: a clean website, a stronger Google profile, and a bit of AI automation to chase reviews and answer enquiries automatically.

Worth a quick 10-minute call to show you exactly what I'd change? I'll put together a free audit either way.

Cheers,
Billy
Voltara Digital

P.S. If this isn't relevant just reply ""no thanks"" and I won't follow up."
matt@thegardensaint.com,The Garden Saint,Quick idea for The Garden Saint,"Hi,

I found The Garden Saint while looking at landscapers in Bristol. You're set up online, but only a handful of Google reviews showing — usually the main thing holding back where you rank in local search.

I run Voltara Digital — we help Bristol landscapers get found online and turn more of those Google searches into booked jobs: a clean website, a stronger Google profile, and a bit of AI automation to chase reviews and answer enquiries automatically.

Worth a quick 10-minute call to show you exactly what I'd change? I'll put together a free audit either way.

Cheers,
Billy
Voltara Digital

P.S. If this isn't relevant just reply ""no thanks"" and I won't follow up."
info@smartelectricssw.co.uk,Smart Electrics SW Ltd,Quick idea for Smart Electrics SW Ltd,"Hi,

I found Smart Electrics SW Ltd while looking at electricians in Bristol. You're set up online, but only a handful of Google reviews showing — usually the main thing holding back where you rank in local search.

I run Voltara Digital — we help Bristol electricians get found online and turn more of those Google searches into booked jobs: a clean website, a stronger Google profile, and a bit of AI automation to chase reviews and answer enquiries automatically.

Worth a quick 10-minute call to show you exactly what I'd change? I'll put together a free audit either way.

Cheers,
Billy
Voltara Digital

P.S. If this isn't relevant just reply ""no thanks"" and I won't follow up."
info@goldcoastaestheticsuk.com,Gold Coast Aesthetics,Quick idea for Gold Coast Aesthetics,"Hi,

I found Gold Coast Aesthetics while looking at aesthetic clinics in Bristol. You're set up online, but only a handful of Google reviews showing — usually the main thing holding back where you rank in local search.

I run Voltara Digital — we help Bristol aesthetic clinics get found online and turn more of those Google searches into booked jobs: a clean website, a stronger Google profile, and a bit of AI automation to chase reviews and answer enquiries automatically.

Worth a quick 10-minute call to show you exactly what I'd change? I'll put together a free audit either way.

Cheers,
Billy
Voltara Digital

P.S. If this isn't relevant just reply ""no thanks"" and I won't follow up."
info@lindenaccountants.co.uk,Linden Accountants Ltd,Quick idea for Linden Accountants Ltd,"Hi,

I found Linden Accountants Ltd while looking at accountants in Bristol. You're set up online, but only a handful of Google reviews showing — usually the main thing holding back where you rank in local search.

I run Voltara Digital — we help Bristol accountants get found online and turn more of those Google searches into booked jobs: a clean website, a stronger Google profile, and a bit of AI automation to chase reviews and answer enquiries automatically.

Worth a quick 10-minute call to show you exactly what I'd change? I'll put together a free audit either way.

Cheers,
Billy
Voltara Digital

P.S. If this isn't relevant just reply ""no thanks"" and I won't follow up."
info@thebestintensive.co.uk,The Best Intensive Bristol,Quick idea for The Best Intensive Bristol,"Hi,

I found The Best Intensive Bristol while looking at driving schools in Bristol. You're set up online, but only a handful of Google reviews showing — usually the main thing holding back where you rank in local search.

I run Voltara Digital — we help Bristol driving schools get found online and turn more of those Google searches into booked jobs: a clean website, a stronger Google profile, and a bit of AI automation to chase reviews and answer enquiries automatically.

Worth a quick 10-minute call to show you exactly what I'd change? I'll put together a free audit either way.

Cheers,
Billy
Voltara Digital

P.S. If this isn't relevant just reply ""no thanks"" and I won't follow up."
hello@classicinteriors.co.uk,Classic Interiors - Solihull Kitchen Showroom,Quick idea for Classic Interiors - Solihull Kitchen Showroom,"Hi,

I found Classic Interiors - Solihull Kitchen Showroom while looking at kitchen-fitting businesss in Birmingham. You're set up online, but only a handful of Google reviews showing — usually the main thing holding back where you rank in local search.

I run Voltara Digital — we help Birmingham kitchen-fitting businesss get found online and turn more of those Google searches into booked jobs: a clean website, a stronger Google profile, and a bit of AI automation to chase reviews and answer enquiries automatically.

Worth a quick 10-minute call to show you exactly what I'd change? I'll put together a free audit either way.

Cheers,
Billy
Voltara Digital

P.S. If this isn't relevant just reply ""no thanks"" and I won't follow up."
info@kingsnortonkitchens.co.uk,Kings Norton Kitchens Ltd,Quick idea for Kings Norton Kitchens Ltd,"Hi,

I found Kings Norton Kitchens Ltd while looking at kitchen-fitting businesss in Birmingham. You're set up online, but only a handful of Google reviews showing — usually the main thing holding back where you rank in local search.

I run Voltara Digital — we help Birmingham kitchen-fitting businesss get found online and turn more of those Google searches into booked jobs: a clean website, a stronger Google profile, and a bit of AI automation to chase reviews and answer enquiries automatically.

Worth a quick 10-minute call to show you exactly what I'd change? I'll put together a free audit either way.

Cheers,
Billy
Voltara Digital

P.S. If this isn't relevant just reply ""no thanks"" and I won't follow up."
jtaylorroofingandbuilding@gmail.com,J Taylor Roofing & Building Ltd,Quick idea for J Taylor Roofing & Building Ltd,"Hi,

I found J Taylor Roofing & Building Ltd while looking at roofers in Birmingham. You're set up online, but only a handful of Google reviews showing — usually the main thing holding back where you rank in local search.

I run Voltara Digital — we help Birmingham roofers get found online and turn more of those Google searches into booked jobs: a clean website, a stronger Google profile, and a bit of AI automation to chase reviews and answer enquiries automatically.

Worth a quick 10-minute call to show you exactly what I'd change? I'll put together a free audit either way.

Cheers,
Billy
Voltara Digital

P.S. If this isn't relevant just reply ""no thanks"" and I won't follow up."
info@ffrelectricalservices.co.uk,FFR Electrical Services LTD,Quick idea for FFR Electrical Services LTD,"Hi,

I found FFR Electrical Services LTD while looking at electricians in Birmingham. You're set up online, but only a handful of Google reviews showing — usually the main thing holding back where you rank in local search.

I run Voltara Digital — we help Birmingham electricians get found online and turn more of those Google searches into booked jobs: a clean website, a stronger Google profile, and a bit of AI automation to chase reviews and answer enquiries automatically.

Worth a quick 10-minute call to show you exactly what I'd change? I'll put together a free audit either way.

Cheers,
Billy
Voltara Digital

P.S. If this isn't relevant just reply ""no thanks"" and I won't follow up."
info@aanddblockpavingspecialist.com,A & D Blockpaving,Quick idea for A & D Blockpaving,"Hi,

I found A & D Blockpaving while looking at driveway & paving companys in Birmingham. You're set up online, but only a handful of Google reviews showing — usually the main thing holding back where you rank in local search.

I run Voltara Digital — we help Birmingham driveway & paving companys get found online and turn more of those Google searches into booked jobs: a clean website, a stronger Google profile, and a bit of AI automation to chase reviews and answer enquiries automatically.

Worth a quick 10-minute call to show you exactly what I'd change? I'll put together a free audit either way.

Cheers,
Billy
Voltara Digital

P.S. If this isn't relevant just reply ""no thanks"" and I won't follow up."
info@mortgo.co.uk,Mortgo Mortgages - Mortgages Simplified,Quick idea for Mortgo Mortgages - Mortgages Simplified,"Hi,

I found Mortgo Mortgages - Mortgages Simplified while looking at mortgage brokers in Birmingham. You're set up online, but only a handful of Google reviews showing — usually the main thing holding back where you rank in local search.

I run Voltara Digital — we help Birmingham mortgage brokers get found online and turn more of those Google searches into booked jobs: a clean website, a stronger Google profile, and a bit of AI automation to chase reviews and answer enquiries automatically.

Worth a quick 10-minute call to show you exactly what I'd change? I'll put together a free audit either way.

Cheers,
Billy
Voltara Digital

P.S. If this isn't relevant just reply ""no thanks"" and I won't follow up."
enquiries@deepcleanextreme.co.uk,Deep Clean Extreme,Quick idea for Deep Clean Extreme,"Hi,

I found Deep Clean Extreme while looking at cleaning companys in Birmingham. You're set up online, but only a handful of Google reviews showing — usually the main thing holding back where you rank in local search.

I run Voltara Digital — we help Birmingham cleaning companys get found online and turn more of those Google searches into booked jobs: a clean website, a stronger Google profile, and a bit of AI automation to chase reviews and answer enquiries automatically.

Worth a quick 10-minute call to show you exactly what I'd change? I'll put together a free audit either way.

Cheers,
Billy
Voltara Digital

P.S. If this isn't relevant just reply ""no thanks"" and I won't follow up."
info@downendkitchencompany.co.uk,Downend Kitchen Company Ltd,Quick idea for Downend Kitchen Company Ltd,"Hi,

I found Downend Kitchen Company Ltd while looking at kitchen-fitting businesss in Bristol. You're set up online, but only a handful of Google reviews showing — usually the main thing holding back where you rank in local search.

I run Voltara Digital — we help Bristol kitchen-fitting businesss get found online and turn more of those Google searches into booked jobs: a clean website, a stronger Google profile, and a bit of AI automation to chase reviews and answer enquiries automatically.

Worth a quick 10-minute call to show you exactly what I'd change? I'll put together a free audit either way.

Cheers,
Billy
Voltara Digital

P.S. If this isn't relevant just reply ""no thanks"" and I won't follow up."
luke@bristolbuilders.co.uk,Luke's Building Services,Quick idea for Luke's Building Services,"Hi,

I found Luke's Building Services while looking at builders in Bristol. You're set up online, but only a handful of Google reviews showing — usually the main thing holding back where you rank in local search.

I run Voltara Digital — we help Bristol builders get found online and turn more of those Google searches into booked jobs: a clean website, a stronger Google profile, and a bit of AI automation to chase reviews and answer enquiries automatically.

Worth a quick 10-minute call to show you exactly what I'd change? I'll put together a free audit either way.

Cheers,
Billy
Voltara Digital

P.S. If this isn't relevant just reply ""no thanks"" and I won't follow up."
blueskyroofingbristol@gmail.com,Blue Sky Roofing Bristol,Quick idea for Blue Sky Roofing Bristol,"Hi,

I found Blue Sky Roofing Bristol while looking at roofers in Bristol. You're set up online, but only a handful of Google reviews showing — usually the main thing holding back where you rank in local search.

I run Voltara Digital — we help Bristol roofers get found online and turn more of those Google searches into booked jobs: a clean website, a stronger Google profile, and a bit of AI automation to chase reviews and answer enquiries automatically.

Worth a quick 10-minute call to show you exactly what I'd change? I'll put together a free audit either way.

Cheers,
Billy
Voltara Digital

P.S. If this isn't relevant just reply ""no thanks"" and I won't follow up."
info@smithsservices.co.uk,Smiths Services: plumbing - heating - water,Quick idea for Smiths Services: plumbing - heating - water,"Hi,

I found Smiths Services: plumbing - heating - water while looking at plumbers in Bristol. You're set up online, but only a handful of Google reviews showing — usually the main thing holding back where you rank in local search.

I run Voltara Digital — we help Bristol plumbers get found online and turn more of those Google searches into booked jobs: a clean website, a stronger Google profile, and a bit of AI automation to chase reviews and answer enquiries automatically.

Worth a quick 10-minute call to show you exactly what I'd change? I'll put together a free audit either way.

Cheers,
Billy
Voltara Digital

P.S. If this isn't relevant just reply ""no thanks"" and I won't follow up."
hello@wearebravemove.com,Brave Move,Quick idea for Brave Move,"Hi,

I found Brave Move while looking at personal training businesss in Bristol. You're set up online, but only a handful of Google reviews showing — usually the main thing holding back where you rank in local search.

I run Voltara Digital — we help Bristol personal training businesss get found online and turn more of those Google searches into booked jobs: a clean website, a stronger Google profile, and a bit of AI automation to chase reviews and answer enquiries automatically.

Worth a quick 10-minute call to show you exactly what I'd change? I'll put together a free audit either way.

Cheers,
Billy
Voltara Digital

P.S. If this isn't relevant just reply ""no thanks"" and I won't follow up."
info@hqmf.co.uk,Jamie Griffiths Mortgage and Protection advisor -HQ Mortgage and Finance,Quick idea for Jamie Griffiths Mortgage and Protection advisor -HQ Mortgage and Finance,"Hi,

I found Jamie Griffiths Mortgage and Protection advisor -HQ Mortgage and Finance while looking at mortgage brokers in Bristol. You're set up online, but only a handful of Google reviews showing — usually the main thing holding back where you rank in local search.

I run Voltara Digital — we help Bristol mortgage brokers get found online and turn more of those Google searches into booked jobs: a clean website, a stronger Google profile, and a bit of AI automation to chase reviews and answer enquiries automatically.

Worth a quick 10-minute call to show you exactly what I'd change? I'll put together a free audit either way.

Cheers,
Billy
Voltara Digital

P.S. If this isn't relevant just reply ""no thanks"" and I won't follow up."
vanguardkitchens@outlook.com,Vanguard Kitchens and Bathrooms UK,Quick idea for Vanguard Kitchens and Bathrooms UK,"Hi,

I found Vanguard Kitchens and Bathrooms UK while looking at kitchen-fitting businesss in Birmingham. You're set up online, but only a handful of Google reviews showing — usually the main thing holding back where you rank in local search.

I run Voltara Digital — we help Birmingham kitchen-fitting businesss get found online and turn more of those Google searches into booked jobs: a clean website, a stronger Google profile, and a bit of AI automation to chase reviews and answer enquiries automatically.

Worth a quick 10-minute call to show you exactly what I'd change? I'll put together a free audit either way.

Cheers,
Billy
Voltara Digital

P.S. If this isn't relevant just reply ""no thanks"" and I won't follow up."
info@planitlandscapes.co.uk,Plan-It Landscapes,Quick idea for Plan-It Landscapes,"Hi,

I found Plan-It Landscapes while looking at landscapers in Birmingham. You're set up online, but only a handful of Google reviews showing — usually the main thing holding back where you rank in local search.

I run Voltara Digital — we help Birmingham landscapers get found online and turn more of those Google searches into booked jobs: a clean website, a stronger Google profile, and a bit of AI automation to chase reviews and answer enquiries automatically.

Worth a quick 10-minute call to show you exactly what I'd change? I'll put together a free audit either way.

Cheers,
Billy
Voltara Digital

P.S. If this isn't relevant just reply ""no thanks"" and I won't follow up."
info@greenlandscapingbham.com,Green Landscaping,Quick idea for Green Landscaping,"Hi,

I found Green Landscaping while looking at landscapers in Birmingham. You're set up online, but only a handful of Google reviews showing — usually the main thing holding back where you rank in local search.

I run Voltara Digital — we help Birmingham landscapers get found online and turn more of those Google searches into booked jobs: a clean website, a stronger Google profile, and a bit of AI automation to chase reviews and answer enquiries automatically.

Worth a quick 10-minute call to show you exactly what I'd change? I'll put together a free audit either way.

Cheers,
Billy
Voltara Digital

P.S. If this isn't relevant just reply ""no thanks"" and I won't follow up."
spbelectrical@blueyonder.co.uk,S P B Electrical Services Ltd,Quick idea for S P B Electrical Services Ltd,"Hi,

I found S P B Electrical Services Ltd while looking at electricians in Birmingham. You're set up online, but only a handful of Google reviews showing — usually the main thing holding back where you rank in local search.

I run Voltara Digital — we help Birmingham electricians get found online and turn more of those Google searches into booked jobs: a clean website, a stronger Google profile, and a bit of AI automation to chase reviews and answer enquiries automatically.

Worth a quick 10-minute call to show you exactly what I'd change? I'll put together a free audit either way.

Cheers,
Billy
Voltara Digital

P.S. If this isn't relevant just reply ""no thanks"" and I won't follow up."
info@checkmymortgage.co.uk,Check My Mortgage,Quick idea for Check My Mortgage,"Hi,

I found Check My Mortgage while looking at mortgage brokers in Birmingham. You're set up online, but only a handful of Google reviews showing — usually the main thing holding back where you rank in local search.

I run Voltara Digital — we help Birmingham mortgage brokers get found online and turn more of those Google searches into booked jobs: a clean website, a stronger Google profile, and a bit of AI automation to chase reviews and answer enquiries automatically.

Worth a quick 10-minute call to show you exactly what I'd change? I'll put together a free audit either way.

Cheers,
Billy
Voltara Digital

P.S. If this isn't relevant just reply ""no thanks"" and I won't follow up."
info@gearupgirls.co.uk,GEAR UP GIRLS (female Auto driving instructor)Birmingham,Quick idea for GEAR UP GIRLS (female Auto driving instructor)Birmingham,"Hi,

I found GEAR UP GIRLS (female Auto driving instructor)Birmingham while looking at driving schools in Birmingham. You're set up online, but only a handful of Google reviews showing — usually the main thing holding back where you rank in local search.

I run Voltara Digital — we help Birmingham driving schools get found online and turn more of those Google searches into booked jobs: a clean website, a stronger Google profile, and a bit of AI automation to chase reviews and answer enquiries automatically.

Worth a quick 10-minute call to show you exactly what I'd change? I'll put together a free audit either way.

Cheers,
Billy
Voltara Digital

P.S. If this isn't relevant just reply ""no thanks"" and I won't follow up."
info@greatwoodjenkins.co.uk,Greatwood Jenkins Ltd Kitchens Bathrooms Bedrooms,Quick idea for Greatwood Jenkins Ltd Kitchens Bathrooms Bedrooms,"Hi,

I found Greatwood Jenkins Ltd Kitchens Bathrooms Bedrooms while looking at kitchen-fitting businesss in Bristol. You're set up online, but only a handful of Google reviews showing — usually the main thing holding back where you rank in local search.

I run Voltara Digital — we help Bristol kitchen-fitting businesss get found online and turn more of those Google searches into booked jobs: a clean website, a stronger Google profile, and a bit of AI automation to chase reviews and answer enquiries automatically.

Worth a quick 10-minute call to show you exactly what I'd change? I'll put together a free audit either way.

Cheers,
Billy
Voltara Digital

P.S. If this isn't relevant just reply ""no thanks"" and I won't follow up."
info@mounteverestconstruction.co.uk,Mount Everest Construcion Ltd,Quick idea for Mount Everest Construcion Ltd,"Hi,

I found Mount Everest Construcion Ltd while looking at builders in Bristol. You're set up online, but only a handful of Google reviews showing — usually the main thing holding back where you rank in local search.

I run Voltara Digital — we help Bristol builders get found online and turn more of those Google searches into booked jobs: a clean website, a stronger Google profile, and a bit of AI automation to chase reviews and answer enquiries automatically.

Worth a quick 10-minute call to show you exactly what I'd change? I'll put together a free audit either way.

Cheers,
Billy
Voltara Digital

P.S. If this isn't relevant just reply ""no thanks"" and I won't follow up."
info@bristolaesthetics.org.uk,Bristol Aesthetics,Quick idea for Bristol Aesthetics,"Hi,

I found Bristol Aesthetics while looking at aesthetic clinics in Bristol. You're set up online, but only a handful of Google reviews showing — usually the main thing holding back where you rank in local search.

I run Voltara Digital — we help Bristol aesthetic clinics get found online and turn more of those Google searches into booked jobs: a clean website, a stronger Google profile, and a bit of AI automation to chase reviews and answer enquiries automatically.

Worth a quick 10-minute call to show you exactly what I'd change? I'll put together a free audit either way.

Cheers,
Billy
Voltara Digital

P.S. If this isn't relevant just reply ""no thanks"" and I won't follow up."
getfitwithkimmy@outlook.com,Get fit with Kimmy personal trainer,Quick idea for Get fit with Kimmy personal trainer,"Hi,

I found Get fit with Kimmy personal trainer while looking at personal training businesss in Bristol. You're set up online, but only a handful of Google reviews showing — usually the main thing holding back where you rank in local search.

I run Voltara Digital — we help Bristol personal training businesss get found online and turn more of those Google searches into booked jobs: a clean website, a stronger Google profile, and a bit of AI automation to chase reviews and answer enquiries automatically.

Worth a quick 10-minute call to show you exactly what I'd change? I'll put together a free audit either way.

Cheers,
Billy
Voltara Digital

P.S. If this isn't relevant just reply ""no thanks"" and I won't follow up."
eyeclinic@uwe.ac.uk,UWE Eye Clinic,Quick idea for UWE Eye Clinic,"Hi,

I found UWE Eye Clinic while looking at opticians in Bristol. You're set up online, but only a handful of Google reviews showing — usually the main thing holding back where you rank in local search.

I run Voltara Digital — we help Bristol opticians get found online and turn more of those Google searches into booked jobs: a clean website, a stronger Google profile, and a bit of AI automation to chase reviews and answer enquiries automatically.

Worth a quick 10-minute call to show you exactly what I'd change? I'll put together a free audit either way.

Cheers,
Billy
Voltara Digital

P.S. If this isn't relevant just reply ""no thanks"" and I won't follow up."
info@werkinnovativehomes.com,Werk Innovative Homes,Quick idea for Werk Innovative Homes,"Hi,

I found Werk Innovative Homes while looking at builders in Birmingham. You're set up online, but only a handful of Google reviews showing — usually the main thing holding back where you rank in local search.

I run Voltara Digital — we help Birmingham builders get found online and turn more of those Google searches into booked jobs: a clean website, a stronger Google profile, and a bit of AI automation to chase reviews and answer enquiries automatically.

Worth a quick 10-minute call to show you exactly what I'd change? I'll put together a free audit either way.

Cheers,
Billy
Voltara Digital

P.S. If this isn't relevant just reply ""no thanks"" and I won't follow up."
empirebuilders@icloud.com,empirebuilders,Quick idea for empirebuilders,"Hi,

I found empirebuilders while looking at builders in Birmingham. You're set up online, but only a handful of Google reviews showing — usually the main thing holding back where you rank in local search.

I run Voltara Digital — we help Birmingham builders get found online and turn more of those Google searches into booked jobs: a clean website, a stronger Google profile, and a bit of AI automation to chase reviews and answer enquiries automatically.

Worth a quick 10-minute call to show you exactly what I'd change? I'll put together a free audit either way.

Cheers,
Billy
Voltara Digital

P.S. If this isn't relevant just reply ""no thanks"" and I won't follow up."
info@testeam.co.uk,Technical Electrical Solutions,Quick idea for Technical Electrical Solutions,"Hi,

I found Technical Electrical Solutions while looking at electricians in Birmingham. You're set up online, but only a handful of Google reviews showing — usually the main thing holding back where you rank in local search.

I run Voltara Digital — we help Birmingham electricians get found online and turn more of those Google searches into booked jobs: a clean website, a stronger Google profile, and a bit of AI automation to chase reviews and answer enquiries automatically.

Worth a quick 10-minute call to show you exactly what I'd change? I'll put together a free audit either way.

Cheers,
Billy
Voltara Digital

P.S. If this isn't relevant just reply ""no thanks"" and I won't follow up."
info@cgzabeth.com,CGZABETH Cleaning Services,Quick idea for CGZABETH Cleaning Services,"Hi,

I found CGZABETH Cleaning Services while looking at cleaning companys in Birmingham. You're set up online, but only a handful of Google reviews showing — usually the main thing holding back where you rank in local search.

I run Voltara Digital — we help Birmingham cleaning companys get found online and turn more of those Google searches into booked jobs: a clean website, a stronger Google profile, and a bit of AI automation to chase reviews and answer enquiries automatically.

Worth a quick 10-minute call to show you exactly what I'd change? I'll put together a free audit either way.

Cheers,
Billy
Voltara Digital

P.S. If this isn't relevant just reply ""no thanks"" and I won't follow up."
reactivations@ueni.com,CIMA-Fit,Quick idea for CIMA-Fit,"Hi,

I found CIMA-Fit while looking at personal training businesss in Bristol. You're set up online, but only a handful of Google reviews showing — usually the main thing holding back where you rank in local search.

I run Voltara Digital — we help Bristol personal training businesss get found online and turn more of those Google searches into booked jobs: a clean website, a stronger Google profile, and a bit of AI automation to chase reviews and answer enquiries automatically.

Worth a quick 10-minute call to show you exactly what I'd change? I'll put together a free audit either way.

Cheers,
Billy
Voltara Digital

P.S. If this isn't relevant just reply ""no thanks"" and I won't follow up."
bristol@bookcheck.co.uk,BookCheck Bristol,Quick idea for BookCheck Bristol,"Hi,

I found BookCheck Bristol while looking at accountants in Bristol. You're set up online, but only a handful of Google reviews showing — usually the main thing holding back where you rank in local search.

I run Voltara Digital — we help Bristol accountants get found online and turn more of those Google searches into booked jobs: a clean website, a stronger Google profile, and a bit of AI automation to chase reviews and answer enquiries automatically.

Worth a quick 10-minute call to show you exactly what I'd change? I'll put together a free audit either way.

Cheers,
Billy
Voltara Digital

P.S. If this isn't relevant just reply ""no thanks"" and I won't follow up."
info@shinecommercialcleaning.co.uk,Shine Commercial Cleaning,Quick idea for Shine Commercial Cleaning,"Hi,

I found Shine Commercial Cleaning while looking at cleaning companys in Bristol. You're set up online, but only a handful of Google reviews showing — usually the main thing holding back where you rank in local search.

I run Voltara Digital — we help Bristol cleaning companys get found online and turn more of those Google searches into booked jobs: a clean website, a stronger Google profile, and a bit of AI automation to chase reviews and answer enquiries automatically.

Worth a quick 10-minute call to show you exactly what I'd change? I'll put together a free audit either way.

Cheers,
Billy
Voltara Digital

P.S. If this isn't relevant just reply ""no thanks"" and I won't follow up."
info@fairwaybristolcleaning.co.uk,Fairway Support Services,Quick idea for Fairway Support Services,"Hi,

I found Fairway Support Services while looking at cleaning companys in Bristol. You're set up online, but only a handful of Google reviews showing — usually the main thing holding back where you rank in local search.

I run Voltara Digital — we help Bristol cleaning companys get found online and turn more of those Google searches into booked jobs: a clean website, a stronger Google profile, and a bit of AI automation to chase reviews and answer enquiries automatically.

Worth a quick 10-minute call to show you exactly what I'd change? I'll put together a free audit either way.

Cheers,
Billy
Voltara Digital

P.S. If this isn't relevant just reply ""no thanks"" and I won't follow up."
clearvision_@outlook.com,Clear Vision Window and Gutter Cleaning Services Bristol,Quick idea for Clear Vision Window and Gutter Cleaning Services Bristol,"Hi,

I found Clear Vision Window and Gutter Cleaning Services Bristol while looking at cleaning companys in Bristol. You're set up online, but only a handful of Google reviews showing — usually the main thing holding back where you rank in local search.

I run Voltara Digital — we help Bristol cleaning companys get found online and turn more of those Google searches into booked jobs: a clean website, a stronger Google profile, and a bit of AI automation to chase reviews and answer enquiries automatically.

Worth a quick 10-minute call to show you exactly what I'd change? I'll put together a free audit either way.

Cheers,
Billy
Voltara Digital

P.S. If this isn't relevant just reply ""no thanks"" and I won't follow up."
contact@exclusivekitchensnuneaton.com,Exclusive Kitchens,Quick idea for Exclusive Kitchens,"Hi,

I found Exclusive Kitchens while looking at kitchen-fitting businesss in Birmingham. You're set up online, but only a handful of Google reviews showing — usually the main thing holding back where you rank in local search.

I run Voltara Digital — we help Birmingham kitchen-fitting businesss get found online and turn more of those Google searches into booked jobs: a clean website, a stronger Google profile, and a bit of AI automation to chase reviews and answer enquiries automatically.

Worth a quick 10-minute call to show you exactly what I'd change? I'll put together a free audit either way.

Cheers,
Billy
Voltara Digital

P.S. If this isn't relevant just reply ""no thanks"" and I won't follow up."
hello@classicinteriors.co.uk,Classic Interiors - Birmingham Kitchen Showroom,Quick idea for Classic Interiors - Birmingham Kitchen Showroom,"Hi,

I found Classic Interiors - Birmingham Kitchen Showroom while looking at kitchen-fitting businesss in Birmingham. You're set up online, but only a handful of Google reviews showing — usually the main thing holding back where you rank in local search.

I run Voltara Digital — we help Birmingham kitchen-fitting businesss get found online and turn more of those Google searches into booked jobs: a clean website, a stronger Google profile, and a bit of AI automation to chase reviews and answer enquiries automatically.

Worth a quick 10-minute call to show you exactly what I'd change? I'll put together a free audit either way.

Cheers,
Billy
Voltara Digital

P.S. If this isn't relevant just reply ""no thanks"" and I won't follow up."
infopssconstructions@gmail.com,PSS Constructions,Quick idea for PSS Constructions,"Hi,

I found PSS Constructions while looking at builders in Birmingham. You're set up online, but only a handful of Google reviews showing — usually the main thing holding back where you rank in local search.

I run Voltara Digital — we help Birmingham builders get found online and turn more of those Google searches into booked jobs: a clean website, a stronger Google profile, and a bit of AI automation to chase reviews and answer enquiries automatically.

Worth a quick 10-minute call to show you exactly what I'd change? I'll put together a free audit either way.

Cheers,
Billy
Voltara Digital

P.S. If this isn't relevant just reply ""no thanks"" and I won't follow up."
jude@jmsroofing.co.uk,JMS Roofing & Building Ltd,Quick idea for JMS Roofing & Building Ltd,"Hi,

I found JMS Roofing & Building Ltd while looking at roofers in Birmingham. You're set up online, but only a handful of Google reviews showing — usually the main thing holding back where you rank in local search.

I run Voltara Digital — we help Birmingham roofers get found online and turn more of those Google searches into booked jobs: a clean website, a stronger Google profile, and a bit of AI automation to chase reviews and answer enquiries automatically.

Worth a quick 10-minute call to show you exactly what I'd change? I'll put together a free audit either way.

Cheers,
Billy
Voltara Digital

P.S. If this isn't relevant just reply ""no thanks"" and I won't follow up."
claritylandscapesltd@gmail.com,Clarity Landscapes Ltd,Quick idea for Clarity Landscapes Ltd,"Hi,

I found Clarity Landscapes Ltd while looking at landscapers in Birmingham. You're set up online, but only a handful of Google reviews showing — usually the main thing holding back where you rank in local search.

I run Voltara Digital — we help Birmingham landscapers get found online and turn more of those Google searches into booked jobs: a clean website, a stronger Google profile, and a bit of AI automation to chase reviews and answer enquiries automatically.

Worth a quick 10-minute call to show you exactly what I'd change? I'll put together a free audit either way.

Cheers,
Billy
Voltara Digital

P.S. If this isn't relevant just reply ""no thanks"" and I won't follow up."
info@capitalroofingandlandscapesltd.co.uk,Capital Roofing & Landscapes Ltd,Quick idea for Capital Roofing & Landscapes Ltd,"Hi,

I found Capital Roofing & Landscapes Ltd while looking at roofers in Bristol. You're set up online, but only a handful of Google reviews showing — usually the main thing holding back where you rank in local search.

I run Voltara Digital — we help Bristol roofers get found online and turn more of those Google searches into booked jobs: a clean website, a stronger Google profile, and a bit of AI automation to chase reviews and answer enquiries automatically.

Worth a quick 10-minute call to show you exactly what I'd change? I'll put together a free audit either way.

Cheers,
Billy
Voltara Digital

P.S. If this isn't relevant just reply ""no thanks"" and I won't follow up."
info@willis-electrical.com,Willis Electrical Ltd,Quick idea for Willis Electrical Ltd,"Hi,

I found Willis Electrical Ltd while looking at electricians in Bristol. You're set up online, but only a handful of Google reviews showing — usually the main thing holding back where you rank in local search.

I run Voltara Digital — we help Bristol electricians get found online and turn more of those Google searches into booked jobs: a clean website, a stronger Google profile, and a bit of AI automation to chase reviews and answer enquiries automatically.

Worth a quick 10-minute call to show you exactly what I'd change? I'll put together a free audit either way.

Cheers,
Billy
Voltara Digital

P.S. If this isn't relevant just reply ""no thanks"" and I won't follow up."
rehillandson@gmail.com,R E Hill & Son,Quick idea for R E Hill & Son,"Hi,

I found R E Hill & Son while looking at driveway & paving companys in Bristol. You're set up online, but only a handful of Google reviews showing — usually the main thing holding back where you rank in local search.

I run Voltara Digital — we help Bristol driveway & paving companys get found online and turn more of those Google searches into booked jobs: a clean website, a stronger Google profile, and a bit of AI automation to chase reviews and answer enquiries automatically.

Worth a quick 10-minute call to show you exactly what I'd change? I'll put together a free audit either way.

Cheers,
Billy
Voltara Digital

P.S. If this isn't relevant just reply ""no thanks"" and I won't follow up."
enquiries@albertgoodman.co.uk,Albert Goodman,Quick idea for Albert Goodman,"Hi,

I found Albert Goodman while looking at accountants in Bristol. You're set up online, but only a handful of Google reviews showing — usually the main thing holding back where you rank in local search.

I run Voltara Digital — we help Bristol accountants get found online and turn more of those Google searches into booked jobs: a clean website, a stronger Google profile, and a bit of AI automation to chase reviews and answer enquiries automatically.

Worth a quick 10-minute call to show you exactly what I'd change? I'll put together a free audit either way.

Cheers,
Billy
Voltara Digital

P.S. If this isn't relevant just reply ""no thanks"" and I won't follow up."
info@harbordopticians.co.uk,Mike Harbord Opticians,Quick idea for Mike Harbord Opticians,"Hi,

I found Mike Harbord Opticians while looking at opticians in Bristol. You're set up online, but only a handful of Google reviews showing — usually the main thing holding back where you rank in local search.

I run Voltara Digital — we help Bristol opticians get found online and turn more of those Google searches into booked jobs: a clean website, a stronger Google profile, and a bit of AI automation to chase reviews and answer enquiries automatically.

Worth a quick 10-minute call to show you exactly what I'd change? I'll put together a free audit either way.

Cheers,
Billy
Voltara Digital

P.S. If this isn't relevant just reply ""no thanks"" and I won't follow up."
info@bmpcleaning.co.uk,BM Professional Cleaning,Quick idea for BM Professional Cleaning,"Hi,

I found BM Professional Cleaning while looking at cleaning companys in Bristol. You're set up online, but only a handful of Google reviews showing — usually the main thing holding back where you rank in local search.

I run Voltara Digital — we help Bristol cleaning companys get found online and turn more of those Google searches into booked jobs: a clean website, a stronger Google profile, and a bit of AI automation to chase reviews and answer enquiries automatically.

Worth a quick 10-minute call to show you exactly what I'd change? I'll put together a free audit either way.

Cheers,
Billy
Voltara Digital

P.S. If this isn't relevant just reply ""no thanks"" and I won't follow up."
info@trumankitchens.co.uk,Truman Kitchens,Quick idea for Truman Kitchens,"Hi,

I found Truman Kitchens while looking at kitchen-fitting businesss in Birmingham. You're set up online, but only a handful of Google reviews showing — usually the main thing holding back where you rank in local search.

I run Voltara Digital — we help Birmingham kitchen-fitting businesss get found online and turn more of those Google searches into booked jobs: a clean website, a stronger Google profile, and a bit of AI automation to chase reviews and answer enquiries automatically.

Worth a quick 10-minute call to show you exactly what I'd change? I'll put together a free audit either way.

Cheers,
Billy
Voltara Digital

P.S. If this isn't relevant just reply ""no thanks"" and I won't follow up."
sales@kitchenfaces.co.uk,Kitchen Faces Limited,Quick idea for Kitchen Faces Limited,"Hi,

I found Kitchen Faces Limited while looking at kitchen-fitting businesss in Birmingham. You're set up online, but only a handful of Google reviews showing — usually the main thing holding back where you rank in local search.

I run Voltara Digital — we help Birmingham kitchen-fitting businesss get found online and turn more of those Google searches into booked jobs: a clean website, a stronger Google profile, and a bit of AI automation to chase reviews and answer enquiries automatically.

Worth a quick 10-minute call to show you exactly what I'd change? I'll put together a free audit either way.

Cheers,
Billy
Voltara Digital

P.S. If this isn't relevant just reply ""no thanks"" and I won't follow up."
hello@builtbymv.co.uk,Mountainview Construction Design & Build,Quick idea for Mountainview Construction Design & Build,"Hi,

I found Mountainview Construction Design & Build while looking at builders in Birmingham. You're set up online, but only a handful of Google reviews showing — usually the main thing holding back where you rank in local search.

I run Voltara Digital — we help Birmingham builders get found online and turn more of those Google searches into booked jobs: a clean website, a stronger Google profile, and a bit of AI automation to chase reviews and answer enquiries automatically.

Worth a quick 10-minute call to show you exactly what I'd change? I'll put together a free audit either way.

Cheers,
Billy
Voltara Digital

P.S. If this isn't relevant just reply ""no thanks"" and I won't follow up."
info@bricksandroses.com,Bricks & Roses,Quick idea for Bricks & Roses,"Hi,

I found Bricks & Roses while looking at landscapers in Birmingham. You're set up online, but only a handful of Google reviews showing — usually the main thing holding back where you rank in local search.

I run Voltara Digital — we help Birmingham landscapers get found online and turn more of those Google searches into booked jobs: a clean website, a stronger Google profile, and a bit of AI automation to chase reviews and answer enquiries automatically.

Worth a quick 10-minute call to show you exactly what I'd change? I'll put together a free audit either way.

Cheers,
Billy
Voltara Digital

P.S. If this isn't relevant just reply ""no thanks"" and I won't follow up."
hello@tecmow.com,Tec Mow,Quick idea for Tec Mow,"Hi,

I found Tec Mow while looking at landscapers in Birmingham. You're set up online, but only a handful of Google reviews showing — usually the main thing holding back where you rank in local search.

I run Voltara Digital — we help Birmingham landscapers get found online and turn more of those Google searches into booked jobs: a clean website, a stronger Google profile, and a bit of AI automation to chase reviews and answer enquiries automatically.

Worth a quick 10-minute call to show you exactly what I'd change? I'll put together a free audit either way.

Cheers,
Billy
Voltara Digital

P.S. If this isn't relevant just reply ""no thanks"" and I won't follow up."
pampersalonbirmingham@outlook.com,Pamper Salon Birmingham,Quick idea for Pamper Salon Birmingham,"Hi,

I found Pamper Salon Birmingham while looking at beauty salons in Birmingham. You're set up online, but only a handful of Google reviews showing — usually the main thing holding back where you rank in local search.

I run Voltara Digital — we help Birmingham beauty salons get found online and turn more of those Google searches into booked jobs: a clean website, a stronger Google profile, and a bit of AI automation to chase reviews and answer enquiries automatically.

Worth a quick 10-minute call to show you exactly what I'd change? I'll put together a free audit either way.

Cheers,
Billy
Voltara Digital

P.S. If this isn't relevant just reply ""no thanks"" and I won't follow up."
iwebsite@tcmscleaning.com,TCMS Industrial and Commercial Cleaning,Quick idea for TCMS Industrial and Commercial Cleaning,"Hi,

I found TCMS Industrial and Commercial Cleaning while looking at cleaning companys in Birmingham. You're set up online, but only a handful of Google reviews showing — usually the main thing holding back where you rank in local search.

I run Voltara Digital — we help Birmingham cleaning companys get found online and turn more of those Google searches into booked jobs: a clean website, a stronger Google profile, and a bit of AI automation to chase reviews and answer enquiries automatically.

Worth a quick 10-minute call to show you exactly what I'd change? I'll put together a free audit either way.

Cheers,
Billy
Voltara Digital

P.S. If this isn't relevant just reply ""no thanks"" and I won't follow up."
